capsule_calcium_lactate_mol_m3,spore_density_rel,active_density_rel,lactate_mol_m3,oxygen_mol_m3,calcium_mol_m3,inorganic_carbon_mol_m3,hydrated_carbon_mol_m3,portlandite_mol_m3,calcite_mol_m3,csh_volume_fraction,biomass_carbon_mol_m3,ammonium_mol_m3,solid_fraction,healing_ratio,aperture_mm,porosity,permeability_ratio,transmissivity_ratio,sorptivity_ratio,x_mm,y_mm,time_d
1.4237087201700956e-10,1.7796359002126194e-14,0.0,0.0,0.02,0.0,0.0,0.0,5000.0,0.0,0.0,0.0,0.0,0.0,0.0,0.3,0.18,1.0,1.0,1.0,0.0,0.0,0.0
0.0029256970608976213,3.6571213261220266e-07,0.0,0.0,0.02,0.0,0.0,0.0,5000.0,0.0,0.0,0.0,0.0,0.0,0.0,0.3,0.18,1.0,1.0,1.0,7.142857142857143,0.0,0.0
0.173630301444213,2.1703787680526624e-05,0.0,0.0,0.02,0.0,0.0,0.0,5000.0,0.0,0.0,0.0,0.0,0.0,0.0,0.3,0.18,1.0,1.0,1.0,14.285714285714286,0.0,0.0
0.22094888610349306,2.7618610762936634e-05,0.0,0.0,0.02,0.0,0.0,0.0,5000.0,0.0,0.0,0.0,0.0,0.0,0.0,0.3,0.18,1.0,1.0,1.0,21.42857142857143,0.0,0.0
0.037575296444655924,4.6969120555819905e-06,0.0,0.0,0.02,0.0,0.0,0.0,5000.0,0.0,0.0,0.0,0.0,0.0,0.0,0.3,0.18,1.0,1.0,1.0,28.571428571428573,0.0,0.0
0.0011641042619237125,1.4551303274046408e-07,0.0,0.0,0.02,0.0,0.0,0.0,5000.0,0.0,0.0,0.0,0.0,0.0,0.0,0.3,0.18,1.0,1.0,1.0,35.714285714285715,0.0,0.0
0.20775065651835856,2.596883206479482e-05,0.0,0.0,0.02,0.0,0.0,0.0,5000.0,0.0,0.0,0.0,0.0,0.0,0.0,0.3,0.18,1.0,1.0,1.0,42.85714285714286,0.0,0.0
0.1383225775439627,1.729032219299534e-05,0.0,0.0,0.02,0.0,0.0,0.0,5000.0,0.0,0.0,0.0,0.0,0.0,0.0,0.3,0.18,1.0,1.0,1.0,50.0,0.0,0.0
8.42034758222162e-06,1.0525434477777024e-09,0.0,0.0,0.02,0.0,0.0,0.0,5000.0,0.0,0.0,0.0,0.0,0.0,0.0,0.3,0.18,1.0,1.0,1.0,57.142857142857146,0.0,0.0
1.481193909150575e-15,1.851492386438219e-19,0.0,0.0,0.02,0.0,0.0,0.0,5000.0,0.0,0.0,0.0,0.0,0.0,0.0,0.3,0.18,1.0,1.0,1.0,64.28571428571429,0.0,0.0
1.1863556853601273e-14,1.4829446067001592e-18,0.0,0.0,0.02,0.0,0.0,0.0,5000.0,0.0,0.0,0.0,0.0,0.0,0.0,0.3,0.18,1.0,1.0,1.0,71.42857142857143,0.0,0.0
2.6500819143634186e-05,3.3126023929542735e-09,0.0,0.0,0.02,0.0,0.0,0.0,5000.0,0.0,0.0,0.0,0.0,0.0,0.0,0.3,0.18,1.0,1.0,1.0,78.57142857142857,0.0,0.0
8.733946650191033,0.001091743331273879,0.0,0.0,0.02,0.0,0.0,0.0,5000.0,0.0,0.0,0.0,0.0,0.0,0.0,0.3,0.18,1.0,1.0,1.0,85.71428571428572,0.0,0.0
8823.907024697668,1.1029883780872085,0.0,0.0,0.02,0.0,0.0,0.0,5000.0,0.0,0.0,0.0,0.0,0.0,0.0,0.3,0.18,1.0,1.0,1.0,92.85714285714286,0.0,0.0
52.082755727845054,0.006510344465980632,0.0,0.0,0.02,0.0,0.0,0.0,5000.0,0.0,0.0,0.0,0.0,0.0,0.0,0.3,0.18,1.0,1.0,1.0,100.0,0.0,0.0
1.8073199468764113e-08,2.259149933595514e-12,0.0,0.0,0.02,0.0,0.0,0.0,5000.0,0.0,0.0,0.0,0.0,0.0,0.0,0.3,0.18,1.0,1.0,1.0,0.0,0.075,0.0
0.37140115683538305,4.642514460442288e-05,0.0,0.0,0.02,0.0,0.0,0.0,5000.0,0.0,0.0,0.0,0.0,0.0,0.0,0.3,0.18,1.0,1.0,1.0,7.142857142857143,0.075,0.0
22.041412174872352,0.002755176521859044,0.0,0.0,0.02,0.0,0.0,0.0,5000.0,0.0,0.0,0.0,0.0,0.0,0.0,0.3,0.18,1.0,1.0,1.0,14.285714285714286,0.075,0.0
28.04824634685522,0.0035060307933569026,0.0,0.0,0.02,0.0,0.0,0.0,5000.0,0.0,0.0,0.0,0.0,0.0,0.0,0.3,0.18,1.0,1.0,1.0,21.42857142857143,0.075,0.0
4.7699773002800425,0.0005962471625350054,0.0,0.0,0.02,0.0,0.0,0.0,5000.0,0.0,0.0,0.0,0.0,0.0,0.0,0.3,0.18,1.0,1.0,1.0,28.571428571428573,0.075,0.0
0.14777663597981008,1.847207949747626e-05,0.0,0.0,0.02,0.0,0.0,0.0,5000.0,0.0,0.0,0.0,0.0,0.0,0.0,0.3,0.18,1.0,1.0,1.0,35.714285714285715,0.075,0.0
26.37280366291786,0.0032966004578647325,0.0,0.0,0.02,0.0,0.0,0.0,5000.0,0.0,0.0,0.0,0.0,0.0,0.0,0.3,0.18,1.0,1.0,1.0,42.85714285714286,0.075,0.0
17.559290742329374,0.0021949113427911717,0.0,0.0,0.02,0.0,0.0,0.0,5000.0,0.0,0.0,0.0,0.0,0.0,0.0,0.3,0.18,1.0,1.0,1.0,50.0,0.075,0.0
0.0010689168317493704,1.336146039686713e-07,0.0,0.0,0.02,0.0,0.0,0.0,5000.0,0.0,0.0,0.0,0.0,0.0,0.0,0.3,0.18,1.0,1.0,1.0,57.142857142857146,0.075,0.0
1.8802942338372776e-13,2.350367792296597e-17,0.0,0.0,0.02,0.0,0.0,0.0,5000.0,0.0,0.0,0.0,0.0,0.0,0.0,0.3,0.18,1.0,1.0,1.0,64.28571428571429,0.075,0.0
1.506013261760673e-12,1.8825165772008413e-16,0.0,0.0,0.02,0.0,0.0,0.0,5000.0,0.0,0.0,0.0,0.0,0.0,0.0,0.3,0.18,1.0,1.0,1.0,71.42857142857143,0.075,0.0
0.003359738677629951,4.1996733470374386e-07,0.0,0.0,0.02,0.0,0.0,0.0,5000.0,0.0,0.0,0.0,0.0,0.0,0.0,0.3,0.18,1.0,1.0,1.0,78.57142857142857,0.075,0.0
28.96704793529364,0.003620880991911705,0.0,0.0,0.02,0.0,0.0,0.0,5000.0,0.0,0.0,0.0,0.0,0.0,0.0,0.3,0.18,1.0,1.0,1.0,85.71428571428572,0.075,0.0
7547.8874947392615,0.9434859368424077,0.0,0.0,0.02,0.0,0.0,0.0,5000.0,0.0,0.0,0.0,0.0,0.0,0.0,0.3,0.18,1.0,1.0,1.0,92.85714285714286,0.075,0.0
44.548741766582566,0.0055685927208228205,0.0,0.0,0.02,0.0,0.0,0.0,5000.0,0.0,0.0,0.0,0.0,0.0,0.0,0.3,0.18,1.0,1.0,1.0,100.0,0.075,0.0
4.809100029906553e-07,6.011375037383191e-11,0.0,0.0,0.02,0.0,0.0,0.0,5000.0,0.0,0.0,0.0,0.0,0.0,0.0,0.3,0.18,1.0,1.0,1.0,0.0,0.15,0.0
9.882618279797606,0.0012353272849747008,0.0,0.0,0.02,0.0,0.0,0.0,5000.0,0.0,0.0,0.0,0.0,0.0,0.0,0.3,0.18,1.0,1.0,1.0,7.142857142857143,0.15,0.0
586.5002272152179,0.07331252840190224,0.0,0.0,0.02,0.0,0.0,0.0,5000.0,0.0,0.0,0.0,0.0,0.0,0.0,0.3,0.18,1.0,1.0,1.0,14.285714285714286,0.15,0.0
746.3361569079799,0.09329201961349749,0.0,0.0,0.02,0.0,0.0,0.0,5000.0,0.0,0.0,0.0,0.0,0.0,0.0,0.3,0.18,1.0,1.0,1.0,21.42857142857143,0.15,0.0
126.92438888353017,0.01586554861044127,0.0,0.0,0.02,0.0,0.0,0.0,5000.0,0.0,0.0,0.0,0.0,0.0,0.0,0.3,0.18,1.0,1.0,1.0,28.571428571428573,0.15,0.0
3.932190455476612,0.0004915238069345765,0.0,0.0,0.02,0.0,0.0,0.0,5000.0,0.0,0.0,0.0,0.0,0.0,0.0,0.3,0.18,1.0,1.0,1.0,35.714285714285715,0.15,0.0
701.7542804374885,0.08771928505468607,0.0,0.0,0.02,0.0,0.0,0.0,5000.0,0.0,0.0,0.0,0.0,0.0,0.0,0.3,0.18,1.0,1.0,1.0,42.85714285714286,0.15,0.0
467.23539891217894,0.058404424864022364,0.0,0.0,0.02,0.0,0.0,0.0,5000.0,0.0,0.0,0.0,0.0,0.0,0.0,0.3,0.18,1.0,1.0,1.0,50.0,0.15,0.0
0.028442822071531194,3.555352758941399e-06,0.0,0.0,0.02,0.0,0.0,0.0,5000.0,0.0,0.0,0.0,0.0,0.0,0.0,0.3,0.18,1.0,1.0,1.0,57.142857142857146,0.15,0.0
5.003277406309891e-12,6.254096757887364e-16,0.0,0.0,0.02,0.0,0.0,0.0,5000.0,0.0,0.0,0.0,0.0,0.0,0.0,0.3,0.18,1.0,1.0,1.0,64.28571428571429,0.15,0.0
4.0073526731399415e-11,5.009190841424927e-15,0.0,0.0,0.02,0.0,0.0,0.0,5000.0,0.0,0.0,0.0,0.0,0.0,0.0,0.3,0.18,1.0,1.0,1.0,71.42857142857143,0.15,0.0
0.08939854286593257,1.1174817858241572e-05,0.0,0.0,0.02,0.0,0.0,0.0,5000.0,0.0,0.0,0.0,0.0,0.0,0.0,0.3,0.18,1.0,1.0,1.0,78.57142857142857,0.15,0.0
577.1943564962137,0.0721492945620267,0.0,0.0,0.02,0.0,0.0,0.0,5000.0,0.0,0.0,0.0,0.0,0.0,0.0,0.3,0.18,1.0,1.0,1.0,85.71428571428572,0.15,0.0
1363.9013411109734,0.17048766763887166,0.0,0.0,0.02,0.0,0.0,0.0,5000.0,0.0,0.0,0.0,0.0,0.0,0.0,0.3,0.18,1.0,1.0,1.0,92.85714285714286,0.15,0.0
7.987149853152449,0.000998393731644056,0.0,0.0,0.02,0.0,0.0,0.0,5000.0,0.0,0.0,0.0,0.0,0.0,0.0,0.3,0.18,1.0,1.0,1.0,100.0,0.15,0.0
2.6823006282503007e-06,3.352875785312876e-10,0.0,0.0,0.02,0.0,0.0,0.0,5000.0,0.0,0.0,0.0,0.0,0.0,0.0,0.3,0.18,1.0,1.0,1.0,0.0,0.22499999999999998,0.0
55.120818980290814,0.006890102372536352,0.0,0.0,0.02,0.0,0.0,0.0,5000.0,0.0,0.0,0.0,0.0,0.0,0.0,0.3,0.18,1.0,1.0,1.0,7.142857142857143,0.22499999999999998,0.0
3271.2356119548044,0.40890445149435056,0.0,0.0,0.02,0.0,0.0,0.0,5000.0,0.0,0.0,0.0,0.0,0.0,0.0,0.3,0.18,1.0,1.0,1.0,14.285714285714286,0.22499999999999998,0.0
4162.728847624092,0.5203411059530115,0.0,0.0,0.02,0.0,0.0,0.0,5000.0,0.0,0.0,0.0,0.0,0.0,0.0,0.3,0.18,1.0,1.0,1.0,21.42857142857143,0.22499999999999998,0.0
707.9273999821418,0.08849092499776771,0.0,0.0,0.02,0.0,0.0,0.0,5000.0,0.0,0.0,0.0,0.0,0.0,0.0,0.3,0.18,1.0,1.0,1.0,28.571428571428573,0.22499999999999998,0.0
21.931997387315107,0.002741499673414388,0.0,0.0,0.02,0.0,0.0,0.0,5000.0,0.0,0.0,0.0,0.0,0.0,0.0,0.3,0.18,1.0,1.0,1.0,35.714285714285715,0.22499999999999998,0.0
3914.0711060056483,0.489258888250706,0.0,0.0,0.02,0.0,0.0,0.0,5000.0,0.0,0.0,0.0,0.0,0.0,0.0,0.3,0.18,1.0,1.0,1.0,42.85714285714286,0.22499999999999998,0.0
2606.029810669733,0.3257537263337166,0.0,0.0,0.02,0.0,0.0,0.0,5000.0,0.0,0.0,0.0,0.0,0.0,0.0,0.3,0.18,1.0,1.0,1.0,50.0,0.22499999999999998,0.0
0.15864132381784168,1.983016547723021e-05,0.0,0.0,0.02,0.0,0.0,0.0,5000.0,0.0,0.0,0.0,0.0,0.0,0.0,0.3,0.18,1.0,1.0,1.0,57.142857142857146,0.22499999999999998,0.0
2.7906040728614933e-11,3.4882550910768666e-15,0.0,0.0,0.02,0.0,0.0,0.0,5000.0,0.0,0.0,0.0,0.0,0.0,0.0,0.3,0.18,1.0,1.0,1.0,64.28571428571429,0.22499999999999998,0.0
2.2351218577115572e-10,2.7939023221394464e-14,0.0,0.0,0.02,0.0,0.0,0.0,5000.0,0.0,0.0,0.0,0.0,0.0,0.0,0.3,0.18,1.0,1.0,1.0,71.42857142857143,0.22499999999999998,0.0
0.4986250066803835,6.232812583504794e-05,0.0,0.0,0.02,0.0,0.0,0.0,5000.0,0.0,0.0,0.0,0.0,0.0,0.0,0.3,0.18,1.0,1.0,1.0,78.57142857142857,0.22499999999999998,0.0
3212.056270558271,0.40150703381978387,0.0,0.0,0.02,0.0,0.0,0.0,5000.0,0.0,0.0,0.0,0.0,0.0,0.0,0.3,0.18,1.0,1.0,1.0,85.71428571428572,0.22499999999999998,0.0
110.60050139953088,0.01382506267494136,0.0,0.0,0.02,0.0,0.0,0.0,5000.0,0.0,0.0,0.0,0.0,0.0,0.0,0.3,0.18,1.0,1.0,1.0,92.85714285714286,0.22499999999999998,0.0
0.30017026975564254,3.7521283719455314e-05,0.0,0.0,0.02,0.0,0.0,0.0,5000.0,0.0,0.0,0.0,0.0,0.0,0.0,0.3,0.18,1.0,1.0,1.0,100.0,0.22499999999999998,0.0
3.135927142659477e-06,3.919908928324346e-10,0.0,0.0,0.02,0.0,0.0,0.0,5000.0,0.0,0.0,0.0,0.0,0.0,0.0,0.3,0.18,1.0,1.0,1.0,0.0,0.3,0.0
64.44276623782817,0.008055345779728522,0.0,0.0,0.02,0.0,0.0,0.0,5000.0,0.0,0.0,0.0,0.0,0.0,0.0,0.3,0.18,1.0,1.0,1.0,7.142857142857143,0.3,0.0
3824.461895702952,0.478057736962869,0.0,0.0,0.02,0.0,0.0,0.0,5000.0,0.0,0.0,0.0,0.0,0.0,0.0,0.3,0.18,1.0,1.0,1.0,14.285714285714286,0.3,0.0
4866.723082159254,0.6083403852699067,0.0,0.0,0.02,0.0,0.0,0.0,5000.0,0.0,0.0,0.0,0.0,0.0,0.0,0.3,0.18,1.0,1.0,1.0,21.42857142857143,0.3,0.0
827.6509818679393,0.10345637273349241,0.0,0.0,0.02,0.0,0.0,0.0,5000.0,0.0,0.0,0.0,0.0,0.0,0.0,0.3,0.18,1.0,1.0,1.0,28.571428571428573,0.3,0.0
25.641102706851488,0.0032051378383564358,0.0,0.0,0.02,0.0,0.0,0.0,5000.0,0.0,0.0,0.0,0.0,0.0,0.0,0.3,0.18,1.0,1.0,1.0,35.714285714285715,0.3,0.0
4576.012729650281,0.572001591206285,0.0,0.0,0.02,0.0,0.0,0.0,5000.0,0.0,0.0,0.0,0.0,0.0,0.0,0.3,0.18,1.0,1.0,1.0,42.85714285714286,0.3,0.0
3046.7575229216077,0.38084469036520097,0.0,0.0,0.02,0.0,0.0,0.0,5000.0,0.0,0.0,0.0,0.0,0.0,0.0,0.3,0.18,1.0,1.0,1.0,50.0,0.3,0.0
0.18547049800018822,2.318381225002353e-05,0.0,0.0,0.02,0.0,0.0,0.0,5000.0,0.0,0.0,0.0,0.0,0.0,0.0,0.3,0.18,1.0,1.0,1.0,57.142857142857146,0.3,0.0
3.2625466975381194e-11,4.078183371922649e-15,0.0,0.0,0.02,0.0,0.0,0.0,5000.0,0.0,0.0,0.0,0.0,0.0,0.0,0.3,0.18,1.0,1.0,1.0,64.28571428571429,0.3,0.0
2.6131221932872015e-10,3.266402741609002e-14,0.0,0.0,0.02,0.0,0.0,0.0,5000.0,0.0,0.0,0.0,0.0,0.0,0.0,0.3,0.18,1.0,1.0,1.0,71.42857142857143,0.3,0.0
0.5829516927981718,7.286896159977148e-05,0.0,0.0,0.02,0.0,0.0,0.0,5000.0,0.0,0.0,0.0,0.0,0.0,0.0,0.3,0.18,1.0,1.0,1.0,78.57142857142857,0.3,0.0
3755.2169246844182,0.4694021155855523,0.0,0.0,0.02,0.0,0.0,0.0,5000.0,0.0,0.0,0.0,0.0,0.0,0.0,0.3,0.18,1.0,1.0,1.0,85.71428571428572,0.3,0.0
70.25069446700157,0.008781336808375196,0.0,0.0,0.02,0.0,0.0,0.0,5000.0,0.0,0.0,0.0,0.0,0.0,0.0,0.3,0.18,1.0,1.0,1.0,92.85714285714286,0.3,0.0
0.0023683051554826418,2.9603814443533024e-07,0.0,0.0,0.02,0.0,0.0,0.0,5000.0,0.0,0.0,0.0,0.0,0.0,0.0,0.3,0.18,1.0,1.0,1.0,100.0,0.3,0.0
9.609292694470876e-11,3.08178793957319e-15,1.4839798695278016e-14,86.00440206526285,0.2085650096039464,42.30962360201105,0.0009628386972299942,0.0009628386661717452,4999.996604446231,0.07040508537463389,2.024660096913112e-16,1.4172387305202638e-13,0.0,2.600231269347279e-06,2.600231269347279e-06,0.2999992199306192,0.1799995319583715,0.9999910577714106,0.9999921993264757,0.9999955288757099,0.0,0.0,7.0
0.001974693207621828,7.192015098967324e-08,3.4052472958045054e-07,274.66499984656514,0.12097182154223182,133.77506381793512,6.756493521309627e-05,6.756491967597297e-05,4999.999032249185,0.0315073680754814,4.160641858081555e-09,6.6709619573454625e-06,0.0,1.167804478697159e-06,1.167804478697159e-06,0.2999996496586564,0.17999978979519382,0.9999959838979992,0.9999964965906553,0.9999979919469835,7.142857142857143,0.0,7.0
0.11719141447748724,7.569024139822816e-06,1.4805613128499364e-05,505.74805199617424,0.04784120673422863,242.58882278293237,8.745211929617361e-05,8.745208638517235e-05,4999.999579411377,0.017821534524149266,2.4692013047942376e-07,0.00021797145867272094,0.0,9.051128034554663e-07,9.051128034554663e-07,0.29999972846615897,0.17999983707969539,0.9999968872986484,0.9999972846640472,0.9999984436481131,14.285714285714286,0.0,7.0
0.1491289957704367,1.2596980102656243e-05,1.4257985842804981e-05,600.7025287067016,0.02920210621062329,289.4198812347905,5.931223738343215e-05,5.9312214864096605e-05,4999.9996748820695,0.009145795903085972,3.142120202071265e-07,0.0001394408068388613,0.0,6.519885368021728e-07,6.519885368021728e-07,0.29999980440343893,0.17999988264206337,0.9999977577974163,0.9999980440356648,0.9999988788980797,21.42857142857143,0.0,7.0
0.025361368972655996,2.147479108589102e-06,2.3784854619711197e-06,521.1548640011745,0.031220747923727317,257.1387056029355,3.061528687318277e-05,3.061527524486081e-05,4999.999555126054,0.003936634780689078,5.343593269000124e-08,2.0153412726468895e-05,0.0,1.9882544251706755e-07,1.9882544251706755e-07,0.2999999403523672,0.17999996421142034,0.9999993162346299,0.9999994035237909,0.9999996581172566,28.571428571428573,0.0,7.0
0.0007857097748456301,6.562136329005952e-08,7.469884615867321e-08,495.67333201130134,0.03454447196940026,246.8495353455843,1.7768868680049215e-05,1.776886193091058e-05,4999.999495207207,0.0018723338285201745,1.6554758809666154e-09,6.323020270627907e-07,0.0,7.080532409562191e-08,7.080532409562191e-08,0.2999999787584028,0.17999998725504165,0.9999997564987856,0.9999997875840428,0.9999998782493854,35.714285714285715,0.0,7.0
0.1402208778853935,1.3468480350409152e-05,1.1135802145074628e-05,569.5776773108606,0.021935370548652442,279.0782555668229,4.409637028371381e-05,4.4096353534595546e-05,4999.99968711862,0.002213939417008651,2.95442781519222e-07,7.579666451923931e-05,0.0,3.7720895607132647e-07,3.7720895607132647e-07,0.29999988683731316,0.1799999321023879,0.999998702769835,0.9999988683735587,0.9999993513847072,42.85714285714286,0.0,7.0
0.09336053892503952,8.58668777457069e-06,7.86796780848216e-06,494.92858597948464,0.028174015996809892,245.20304351993994,4.8284577114918944e-05,4.8284558774994374e-05,4999.999624999183,0.0015164841897977789,1.9670891895778482e-07,5.659108312429707e-05,0.0,2.5271637336954547e-07,2.5271637336954547e-07,0.299999924185088,0.17999995451105277,0.999999130902513,0.9999992418510715,0.9999995654511621,50.0,0.0,7.0
5.683296264216295e-06,4.231371937625345e-10,6.000597254073581e-10,348.58741502957406,0.05388606730809245,180.0616927158231,2.2844472352457116e-05,2.2844463675444184e-05,4999.999449528996,0.00031539242420207663,1.1974599516273419e-11,5.254061988224616e-09,0.0,1.166018493969001e-08,1.166018493969001e-08,0.29999999650194453,0.1799999979011667,0.9999999599003402,0.9999999650194457,0.9999999799501699,57.142857142857146,0.0,7.0
9.997287793949159e-16,6.924426244030088e-20,1.1055961619099007e-19,293.1380832776726,0.06241935308709737,156.20992067480876,2.516434588141023e-05,2.516433632324004e-05,4999.999422969269,0.00014596709822781804,2.1064099426809942e-21,9.069218577422566e-19,0.0,5.390920429381369e-09,5.390920429381369e-09,0.2999999983827239,0.17999999902963432,0.9999999814604937,0.999999983827239,0.9999999907302468,64.28571428571429,0.0,7.0
8.007283272812424e-15,5.597675580920015e-19,8.874460971063348e-19,332.90661701004365,0.061413226770499596,176.04836212584954,2.2501866154687792e-05,2.250185760780693e-05,4999.999490863507,0.0001448630138624863,1.6871196915951336e-20,7.866067372626581e-18,0.0,5.350143904870481e-09,5.350143904870481e-09,0.29999999839495683,0.17999999903697408,0.9999999816007246,0.9999999839495685,0.9999999908003623,71.42857142857143,0.0,7.0
1.7886673319244433e-05,1.3721689608379645e-09,1.8728867872586268e-09,476.6816451154799,0.050807513458347456,243.21644312659006,1.7697541561078073e-05,1.7697534839023184e-05,4999.99959566311,0.00027466153300336583,3.768688798170544e-11,1.8652495446261554e-08,0.0,1.0181606219182656e-08,1.0181606219182656e-08,0.2999999969455181,0.17999999816731088,0.9999999649852083,0.9999999694551817,0.999999982492604,78.57142857142857,0.0,7.0
5.894959309482417,0.0005877087268843957,0.0004437228946899378,736.0216745882218,0.02289447225940353,361.8915725571301,4.276392878996621e-05,4.2763912546948756e-05,4999.999616578578,0.034246800524587305,1.2420569615600232e-05,0.0029364456393779596,0.0,1.3685387364465294e-05,1.3685387364465294e-05,0.29999589438379065,0.1799975366302744,0.9999529364546749,0.9999589443997735,0.9999764679504588,85.71428571428572,0.0,7.0
5955.677879038878,0.8084406435853996,0.1992983347613612,921.5036301680078,0.013723244045564255,447.4098184082922,3.034247000139605e-05,3.0342458476419656e-05,4999.997403274262,0.40786164811931047,0.012548502512257084,0.03550467272233855,0.0,0.01256356583623832,0.01256356583623832,0.2962309302491285,0.1777385581494771,0.9574923148234527,0.9627808489775839,0.9785153625893938,92.85714285714286,0.0,7.0
35.153148746866,0.0036580028973991372,0.002431211087001864,771.2249029469763,0.02632042742356665,383.18430849332924,1.1595954292189405e-05,1.159594988769961e-05,4999.998922745246,0.1410296629297141,7.406703054178277e-05,0.012290844791541324,0.0,7.927559946085288e-05,7.927559946085288e-05,0.2999762173201617,0.17998573039209703,0.9997273973181635,0.9997621920549812,0.9998636893687877,100.0,0.0,7.0
1.219846877106744e-08,3.912160358900692e-13,1.883830856099193e-12,86.00440143466973,0.2085650060690066,42.309623283984706,0.0009628387124638192,0.0009628386814055656,4999.996604659518,0.07040564219347299,2.5701946802423595e-14,1.7991066415207795e-11,0.0,2.6002518595225785e-06,2.6002518595225785e-06,0.2999992199244421,0.17999953195466528,0.9999910577006009,0.9999921992647054,0.9999955288403048,0.0,0.075,7.0
0.2506764461392038,9.154059461613716e-06,4.3151135427974466e-05,274.66528446946944,0.12096096174937694,133.77516761015002,6.759513755719435e-05,6.759512200859986e-05,4999.9990283057705,0.04110248832474912,5.281706092957928e-07,0.0008424216672854447,0.0,2.0461856051298643e-06,2.0461856051298643e-06,0.2999993861443184,0.17999963168659108,0.9999929631364776,0.9999938614557451,0.9999964815620491,7.142857142857143,0.075,7.0
14.876805767019455,0.0011665689377193143,0.0015336008917933085,505.7675991678582,0.04776492786080834,242.5973319929685,8.769971268340996e-05,8.769967967836364e-05,4999.998620355156,0.19558528382136608,3.1345153034356304e-05,0.01576179959979282,0.0,3.85685938990429e-05,3.85685938990429e-05,0.2999884294218303,0.17999305765309817,0.9998673683015608,0.9998842986808547,0.9999336819517386,14.285714285714286,0.075,7.0
18.931106124106453,0.0017973680177669192,0.0015298610231909947,600.7275017914459,0.02915246320593324,289.43084645147275,5.9466944663000056e-05,5.9466922084901946e-05,4999.999041411282,0.13026366040549633,3.988748847452623e-05,0.010739100723933177,0.0,4.4698442700592234e-05,4.4698442700592234e-05,0.2999865904671898,0.1799919542803139,0.9998462898792146,0.9998659106656612,0.9999231419860302,21.42857142857143,0.075,7.0
3.219486358059065,0.0002794325036627532,0.00029221884114695126,521.1590831989629,0.031207667566136958,257.1405496585383,3.066406558443704e-05,3.0664053937587466e-05,4999.999483248763,0.03016899303757776,6.7833978722168515e-06,0.002313230434645213,0.0,7.897612259394985e-06,7.897612259394985e-06,0.2999976307163222,0.1799985784297933,0.9999728401970961,0.9999763073503382,0.99998642000634,28.571428571428573,0.075,7.0
0.09974153620163508,8.337455836672526e-06,9.472213513982255e-06,495.6734555809509,0.03454363954731431,246.8495885767822,1.7768917330470767e-05,1.7768910581313656e-05,4999.999493309834,0.0027828864302497005,2.1015356152951922e-07,7.999595063127331e-05,0.0,3.12932334908028e-07,3.12932334908028e-07,0.29999990612029953,0.1799999436721797,0.9999989238185049,0.999999061203289,0.9999994619091077,35.714285714285715,0.075,7.0
17.80026953410215,0.0018236923847657458,0.001265716040398077,569.6011562256294,0.021903280518100914,279.0885918174795,4.419959982014561e-05,4.419958303181768e-05,4999.999327900145,0.07830232935914613,3.750483681356851e-05,0.006737481751465835,0.0,4.039673253620169e-05,4.039673253620169e-05,0.29998788098023915,0.17999272858814347,0.9998610819322543,0.9998788146980135,0.9999305385536809,42.85714285714286,0.075,7.0
11.851607134231633,0.0011523580123935352,0.0009162723535587225,494.9441796242962,0.02814346020011726,245.20989027206014,4.839645590183141e-05,4.8396437519411944e-05,4999.999364139637,0.06340775844332346,2.497111578542752e-05,0.005472617695794526,0.0,2.7312918729538615e-05,2.7312918729538615e-05,0.2999918061243811,0.1799950836746287,0.9999060735346197,0.9999180634817775,0.9999530356644855,50.0,0.075,7.0
0.000721463214828037,5.3715345883002475e-08,7.61736809473862e-08,348.587400445494,0.05388604870331281,180.06168616306263,2.284417025778482e-05,2.284416158088663e-05,4999.999449380793,0.00032259021644491927,1.5201095740308352e-09,6.66957713646791e-07,0.0,1.3434151911411274e-08,1.3434151911411274e-08,0.2999999959697544,0.17999999758185264,0.9999999537996249,0.9999999596975448,0.9999999768998122,57.142857142857146,0.075,7.0
1.26910072184638e-13,8.790178422487018e-18,1.403493543472484e-17,293.1380832713952,0.062419353081080306,156.20992067200308,2.5164345872929447e-05,2.5164336314759263e-05,4999.999422969269,0.00014596709823224603,2.673971614960222e-19,1.1512874370640704e-16,0.0,5.390920429810196e-09,5.390920429810196e-09,0.2999999983827239,0.17999999902963432,0.9999999814604937,0.999999983827239,0.9999999907302468,64.28571428571429,0.075,7.0
1.0164805503392741e-12,7.105941130988615e-17,1.1265639872811963e-16,332.9066169915435,0.061413226755180766,176.04836211725527,2.2501866176632945e-05,2.2501857629752074e-05,4999.9994908635035,0.0001448630139031957,2.1417056124686195e-18,9.985539685959985e-16,0.0,5.350143908498812e-09,5.350143908498812e-09,0.29999999839495683,0.17999999903697408,0.9999999816007246,0.9999999839495685,0.9999999908003623,71.42857142857143,0.075,7.0
0.002267648703199895,1.7396638398975673e-07,2.374349186040027e-07,476.6816089215414,0.05080746876939071,243.21642631884333,1.769765034143114e-05,1.7697643619334932e-05,4999.999595474023,0.00030446338766757116,4.77789363813149e-09,2.3645229662076904e-06,0.0,1.6022468042244193e-08,1.6022468042244193e-08,0.2999999951932596,0.17999999711595574,0.9999999448983424,0.9999999519325967,0.9999999724491708,78.57142857142857,0.075,7.0
19.551249364529458,0.0020371068107656394,0.0013571139910553102,736.0409423362244,0.022863693294624156,361.9000484455477,4.2874896562707556e-05,4.287488027754122e-05,4999.999315167566,0.08608569254541415,4.119411874709295e-05,0.007476941595430067,0.0,4.437347302798727e-05,4.437347302798727e-05,0.2999866879580916,0.17999201277485496,0.9998474073287053,0.999866885487844,0.9999237007535651,85.71428571428572,0.075,7.0
5094.4311244523105,0.6901963933005831,0.17186509265330308,921.4356661005755,0.013760122751895332,447.37978831311216,3.0310946691958122e-05,3.0310935178955226e-05,4999.997455003414,0.3996453472290257,0.010733871620005466,0.03479150761010809,0.0,0.010748631495984646,0.010748631495984646,0.2967754105512046,0.17806524633072277,0.9635472049505567,0.9680994629266635,0.9816044034897952,92.85714285714286,0.075,7.0
30.06808153526996,0.0030947088827379533,0.0021227193919012427,771.2245840152636,0.02632206079337462,383.1841690069204,1.1595947714947922e-05,1.1595943310460624e-05,4999.998991493172,0.12950166407182812,6.335288851199187e-05,0.011283314301358004,0.0,6.813570035767108e-05,6.813570035767108e-05,0.29997955928989267,0.1799877355739356,0.9997657003767401,0.9997956068260316,0.9998828433255268,100.0,0.075,7.0
3.2458921638718393e-07,1.0409872666507272e-11,5.0126880023514975e-11,86.004400155401,0.20856500018006985,42.30962264290895,0.0009628387395918799,0.0009628387085336183,4999.996604550524,0.07040579295691153,6.839034413901921e-13,4.787245185213341e-10,0.0,2.6002580857850316e-06,2.6002580857850316e-06,0.2999992199225743,0.17999953195354454,0.9999910576791886,0.9999921992460268,0.9999955288295986,0.0,0.15,7.0
6.670252860919344,0.00026803153469014547,0.0010804827175635613,274.6658474572278,0.12093943892812017,133.7753727917544,6.765562499844715e-05,6.765560942687884e-05,4999.997936491159,0.246065527134225,1.4054098707592303e-05,0.01876660931348257,0.0,2.3141897898636757e-05,2.3141897898636757e-05,0.29999305743063037,0.17999583445837825,0.9999204168380702,0.999930575912934,0.9999602076273186,7.142857142857143,0.15,7.0
395.8571208309671,0.04664853059547939,0.020846558611687112,505.8064253094648,0.04761744453338314,242.61424203007434,8.819608413051395e-05,8.819605093692758e-05,4999.996379480037,0.5506415138016266,0.0008340635904310969,0.0466776035584589,0.0,0.0008544001225815442,0.0008544001225815442,0.29974367996322554,0.17984620797793532,0.9970649523858596,0.997438989007252,0.9985313977967141,14.285714285714286,0.15,7.0
503.7380524956381,0.0623799584637096,0.02322037411399659,600.7771117264359,0.029055941780230354,289.45263429284637,5.9777136358225676e-05,5.977711366230725e-05,4999.997343943596,0.40302453957573026,0.0010613667068040088,0.034504952385027814,0.0,0.0010762513845863195,0.0010762513845863195,0.2996771245846241,0.17980627475077446,0.9963039097398452,0.9967747195507292,0.9981502440714249,21.42857142857143,0.15,7.0
85.66735495607395,0.009157187583782289,0.0055690047074796615,521.1674568256589,0.03118188102846245,257.14420993730573,3.076179733910069e-05,3.076178565512967e-05,4999.998247589335,0.23594621186519962,0.00018049952343261944,0.020317634833110134,0.0,0.00018921359166595194,0.00018921359166595194,0.2999432359225002,0.17996594155350013,0.9993494495586857,0.9994324666235779,0.9996746718601436,28.571428571428573,0.15,7.0
2.6540238520534873,0.000226465469538453,0.0002454438413747174,495.67369795409013,0.03454199242898092,246.8496929676647,1.776899812973856e-05,1.7768991380550762e-05,4999.999444779152,0.024319001620945403,5.591978889976164e-06,0.001960472408393963,0.0,6.490138846926496e-06,6.490138846926496e-06,0.2999980529583459,0.17999883177500756,0.9999776804421412,0.9999805297098248,0.9999888401587995,35.714285714285715,0.15,7.0
473.6476067601808,0.05924602903187668,0.021173188854892604,569.6477954247193,0.021840486848659014,279.10912689364886,4.440657944199878e-05,4.44065625750538e-05,4999.997935821799,0.30571798369931724,0.0009979666973382074,0.026568832002137156,0.0,0.0010092576070292463,0.0010092576070292463,0.2996972227178912,0.17981833363073474,0.9965336802234848,0.9969752819536334,0.9982653355814198,42.85714285714286,0.15,7.0
315.359570518655,0.03819710099687951,0.015444223880368157,494.9751462564568,0.0280835519542697,245.22348899485905,4.862072280212739e-05,4.862070433452465e-05,4999.997904502701,0.2992087408040238,0.0006644567492216808,0.026037988006011502,0.0,0.0006755072567198278,0.0006755072567198278,0.29979734782298406,0.17987840869379043,0.9976789490942494,0.9979748468517614,0.9988388003548166,50.0,0.15,7.0
0.01919742419709621,1.4295868999421665e-06,2.0264987848073175e-06,348.58736986165945,0.053886014941945094,180.06167243783165,2.2843385267371504e-05,2.2843376590771474e-05,4999.999450397218,0.0005185558038493599,4.044861570065326e-08,1.773586969054626e-05,0.0,5.960014444024385e-08,5.960014444024385e-08,0.29999998211995665,0.179999989271974,0.9999997950336659,0.9999998211995772,0.9999998975168277,57.142857142857146,0.15,7.0
3.376951784289216e-12,2.338979735710844e-16,3.7345578203710557e-16,293.13808326045466,0.0624193530710889,156.209920667117,2.5164345889244318e-05,2.516433633107412e-05,4999.999422969269,0.00014596709823602106,7.115174596340447e-18,3.063462258876158e-15,0.0,5.390920436797395e-09,5.390920436797395e-09,0.29999999838272384,0.17999999902963432,0.9999999814604937,0.9999999838272386,0.9999999907302468,64.28571428571429,0.15,7.0
2.7047544361161005e-11,1.8908208123625703e-15,2.997675598161286e-15,332.90661695859563,0.06141322672945885,176.0483621019491,2.2501866208612444e-05,2.250185766173156e-05,4999.999490863503,0.00014486301396981973,5.698867286979372e-17,2.657053569893962e-14,0.0,5.350143965806366e-09,5.350143965806366e-09,0.2999999983949568,0.17999999903697408,0.9999999816007246,0.9999999839495681,0.9999999908003623,71.42857142857143,0.15,7.0
0.0603393624473498,4.632177899796837e-06,6.312970629989771e-06,476.68153500623094,0.05080738324570232,243.2163920439373,1.7697760753704847e-05,1.7697754031566695e-05,4999.99959212473,0.000987982080958905,1.2713391433130138e-07,6.277058273930409e-05,0.0,1.6362249873673527e-07,1.6362249873673527e-07,0.2999999509132504,0.17999997054795022,0.9999994372983556,0.999999509132584,0.9999997186491383,78.57142857142857,0.15,7.0
389.5761425487555,0.048538660792018594,0.017646739361215354,736.0792076563113,0.02280324907263533,361.9168829965479,4.309737746635164e-05,4.30973610966804e-05,4999.998022175713,0.2907472900534675,0.0008208296860201214,0.025322110307850882,0.0,0.0008315676915348271,0.0008315676915348271,0.29975052969253957,0.1798503178155237,0.997143302059721,0.9975073708648393,0.9985706294798186,85.71428571428572,0.15,7.0
920.5624020867843,0.12001065360462798,0.03599146862029552,921.3172748058906,0.013830478623546685,447.32748746921754,3.0225924302029588e-05,3.0225912821320738e-05,4999.998055922599,0.2987607906350589,0.0019396078582308285,0.02602257173327607,0.0,0.0019506418218382868,0.0019506418218382868,0.2994148074534485,0.17964888447206911,0.9933086509998802,0.9941594821228376,0.9966487099273647,92.85714285714286,0.15,7.0
5.390910348878989,0.0005096403841402708,0.00044038016326404213,771.2240263492786,0.02632497996284798,383.1839252164283,1.1595935502659867e-05,1.1595931098177207e-05,4999.999532106732,0.03782531408770386,1.1358547831196259e-05,0.0032621816373567774,0.0,1.2755528801146298e-05,1.2755528801146298e-05,0.29999617334135964,0.1799977040048158,0.9999561341512596,0.9999617339017048,0.9999780668350979,100.0,0.15,7.0
1.810413286528221e-06,5.806160789932276e-11,2.7958528767042574e-10,86.00439849370852,0.2085649941402762,42.30962181529289,0.000962838770481621,0.0009628387394233509,4999.9966045671,0.07040528863368092,3.8145071200340325e-12,2.6701109370365118e-09,0.0,2.6002425905035626e-06,2.6002425905035626e-06,0.29999921992722284,0.1799995319563337,0.9999910577324768,0.9999921992925124,0.9999955288562428,0.0,0.22499999999999998,7.0
37.203683284125674,0.002186163648158311,0.004683289493010358,274.66658392989484,0.12091239583705625,133.77564338674327,6.77465413816584e-05,6.774652577555889e-05,4999.99587241064,0.5979312273134991,7.838746867072086e-05,0.04941119627563543,0.0,0.00010047052511168155,0.00010047052511168155,0.2999698588424665,0.17998191530547988,0.9996545244479571,0.9996986187066301,0.9998272473022313,7.142857142857143,0.22499999999999998,7.0
2207.9137412387745,0.28742340248366066,0.08676440500187736,505.8575412673803,0.04745361884024053,242.63656409740918,8.863803748723856e-05,8.863800412578066e-05,4999.995176958663,0.7554680685148054,0.00465203318438252,0.06452060870363224,0.0,0.004679934460038105,0.004679934460038105,0.29859601966198857,0.17915761179719314,0.984003023114181,0.9860257994806108,0.9919692652064281,14.285714285714286,0.22499999999999998,7.0
2809.6252651847662,0.3731241474085057,0.10264007838384556,600.8424682424777,0.02894682741244284,289.4813741149113,6.006525124865309e-05,6.0065228443299706e-05,4999.996459864172,0.5542379744279471,0.005919828173172055,0.04767216956485007,0.0,0.00594029753137234,0.00594029753137234,0.2982179107405883,0.17893074644435297,0.9797280258308213,0.9822847591940871,0.9898121164295886,21.42857142857143,0.22499999999999998,7.0
477.8141410871939,0.058384704705016194,0.022804413742572024,521.1784439209074,0.031150486833328377,257.1490177027574,3.090890379828758e-05,3.090889205844112e-05,4999.99746547669,0.3726458515790772,0.0010067455076654065,0.032185385210261784,0.0,0.0010205082265150043,0.0010205082265150043,0.2996938475320455,0.17981630851922728,0.9964950908579474,0.9969415985687811,0.9982460071835737,28.571428571428573,0.22499999999999998,7.0
14.802956481428424,0.0013545022240912402,0.001243858905633822,495.6740114905167,0.034539871714908396,246.84982804327723,1.7769079422672678e-05,1.7769072673453998e-05,4999.999064817749,0.09420033111192881,3.1189553963253364e-05,0.0080769524379848,0.0,3.466860160899746e-05,3.466860160899746e-05,0.2999895994195173,0.17999375965171038,0.9998807791958614,0.9998959978008674,0.9999403878211247,35.714285714285715,0.22499999999999998,7.0
2641.7942344334656,0.35208311816470833,0.09516884956454633,569.709215927071,0.021767464276802474,279.1361904042354,4.462715116373796e-05,4.462713421301324e-05,4999.997272673371,0.42331853898109284,0.005566211313128353,0.03680776733855727,0.0,0.005581845497733204,0.005581845497733204,0.29832544635068003,0.178995267810408,0.980942423422556,0.9833477605907266,0.9904253749892296,42.85714285714286,0.22499999999999998,7.0
1758.9344552339685,0.23097814059712757,0.06695129207082218,495.0158698183892,0.028012852298614648,245.24138903860276,4.8883129626669986e-05,4.888311105939731e-05,4999.997238821833,0.4246453778137953,0.003706042180031556,0.036964649236713505,0.0,0.003721725368025915,0.003721725368025915,0.2988834823895922,0.17933008943375534,0.9872625510024603,0.9888763260645569,0.9936108649780659,50.0,0.22499999999999998,7.0
0.10707463488892996,7.980860050164795e-06,1.1292121259276466e-05,348.5873273503486,0.05388597553320714,180.06165339407033,2.2844659039817355e-05,2.284465036273351e-05,4999.999445239986,0.0014386060480505217,2.2560426406398849e-07,9.862644817649089e-05,0.0,2.7873548903469983e-07,2.7873548903469983e-07,0.2999999163793533,0.17999994982761197,0.9999990414222015,0.999999163793766,0.9999995207109859,57.142857142857146,0.22499999999999998,7.0
1.8835124734858072e-11,1.304578148908686e-15,2.0829691054380984e-15,293.1380832484317,0.062419353060801194,156.2099206617538,2.5164346016953562e-05,2.5164336458783318e-05,4999.999422969269,0.00014596709823717718,3.968525747268647e-17,1.7086620550394497e-14,0.0,5.390920469410176e-09,5.390920469410176e-09,0.29999999838272384,0.17999999902963432,0.9999999814604937,0.9999999838272386,0.9999999907302468,64.28571428571429,0.22499999999999998,7.0
1.5085908960362254e-10,1.0546151716706615e-14,1.6719692019472352e-14,332.9066169210914,0.061413226702623704,176.04836208452417,2.2501866238508804e-05,2.250185769162791e-05,4999.999490863503,0.000144863014025332,3.1785729573295315e-16,1.4819854883395777e-13,0.0,5.350144228725193e-09,5.350144228725193e-09,0.2999999983949567,0.17999999903697403,0.9999999816007239,0.9999999839495675,0.999999990800362,71.42857142857143,0.22499999999999998,7.0
0.33654592165466757,2.5918982278497827e-05,3.5082697025562764e-05,476.6814349293444,0.05080727606125794,243.2163457113011,1.7697850276437543e-05,1.7697843554265383e-05,4999.999580732328,0.00421442506602747,7.090959969875017e-07,0.000346274245949836,0.0,8.647449785893411e-07,8.647449785893411e-07,0.2999997405765064,0.17999984434590385,0.9999970261242641,0.9999974057673074,0.9999985130610266,78.57142857142857,0.22499999999999998,7.0
2167.970766605788,0.28799661616525635,0.07909916087755862,736.1295268665209,0.022732260838402588,361.9390361683001,4.3335922128979394e-05,4.333590566870176e-05,4999.997373105032,0.40771024851750337,0.004567874079792059,0.03551196540438872,0.0,0.004582931812217279,0.004582931812217279,0.2986251204563348,0.1791750722738009,0.9843326261072203,0.9863141180988079,0.9921353869846696,85.71428571428572,0.22499999999999998,7.0
74.64958070751766,0.008722166766412345,0.004054627104133024,921.2281506124041,0.013893623872557229,447.2881384805638,3.008392637788534e-05,3.0083914951111545e-05,4999.998926570918,0.14874577553066007,0.00015728527802756013,0.012969369891995874,0.0,0.00016277882177699173,0.00016277882177699173,0.2999511663534669,0.17997069981208014,0.9994403178692114,0.9995117430211905,0.9997201197681336,92.85714285714286,0.22499999999999998,7.0
0.20259930555989517,1.855533651817282e-05,1.7389237980577948e-05,771.2235951180797,0.02632726398942217,383.1837368034007,1.1595915750418802e-05,1.1595911345943643e-05,4999.999678455615,0.0021955360859789584,4.2687296835639973e-07,0.00014303678792400832,0.0,5.079594630736571e-07,5.079594630736571e-07,0.2999998476121611,0.17999990856729664,0.9999982531161686,0.9999984761223849,0.9999991265577028,100.0,0.22499999999999998,7.0
2.1165875684705e-06,6.788089684820114e-11,3.2686831677326375e-10,86.00439757383705,0.20856499035299325,42.309621355671865,0.0009628387894964839,0.0009628387584382082,4999.996604432845,0.07040511126114155,4.459610637076682e-12,3.1216759261309154e-09,0.0,2.600236684807223e-06,2.600236684807223e-06,0.29999921992899453,0.17999953195739674,0.9999910577527867,0.9999921993102291,0.9999955288663979,0.0,0.3,7.0
43.495512392919665,0.0026720771139972193,0.005293137389041634,274.66700419029695,0.12089742346950305,133.7757987407402,6.780224880379175e-05,6.780223317653381e-05,4999.995684622828,0.6293365147600768,9.164423557147485e-05,0.052143913426792636,0.0,0.00011488716576303954,0.00011488716576303954,0.2999655338502711,0.17997932031016264,0.9996049591199055,0.9996553780983771,0.9998024600489367,7.142857142857143,0.3,7.0
2581.312682433395,0.3379579837837338,0.09940528854431172,505.88673616518764,0.047366671394028004,242.64932599032662,8.885361170440567e-05,8.885357826106373e-05,4999.995059323533,0.7750214543640346,0.005438777808054268,0.06621959172288104,0.0,0.005467401237870057,0.005467401237870057,0.29835977962863897,0.1790158677771834,0.9813303873820229,0.9836873102811156,0.9906212128669681,14.285714285714286,0.3,7.0
3284.7847243513984,0.4379377285583529,0.11820777830703054,600.8798274206262,0.028888761124627214,289.4978103993461,6.02043180428584e-05,6.020429518468312e-05,4999.996377229543,0.5680901931985379,0.006920980315409341,0.0488759133517419,0.0,0.006941961269784855,0.006941961269784855,0.29791741161906454,0.17875044697143871,0.9763405034711913,0.9793183541306095,0.9880994400722992,21.42857142857143,0.3,7.0
558.6213261856788,0.06891250512010076,0.02595614800685797,521.1847021325518,0.03113324109935035,257.1517573840053,3.099001750448132e-05,3.099000573382544e-05,4999.997402662101,0.38468949477587144,0.0011770047436098976,0.03323599101472887,0.0,0.001191212263534135,0.001191212263534135,0.29964263632093974,0.17978558179256385,0.995909718246059,0.9964306184790537,0.9979527635344566,28.571428571428573,0.3,7.0
17.30640948028251,0.0016005069820599117,0.001431864634848849,495.67419092907,0.034538679053130836,246.8499053859132,1.7769129499260723e-05,1.776912275002302e-05,4999.999004047301,0.10456363895685446,3.6464282866238755e-05,0.008983058822209263,0.0,4.0326072709748277e-05,4.0326072709748277e-05,0.29998790217818705,0.17999274130691223,0.9998613249076729,0.9998790266603815,0.9999306600498221,35.714285714285715,0.3,7.0
3088.5703704604202,0.4131188926130794,0.10971000223410743,569.7443141961381,0.021728294394542103,279.15166023416214,4.4736431523654476e-05,4.4736414531421816e-05,4999.997211897221,0.43351119837782554,0.006507560321455737,0.0376935602832009,0.0,0.00652357094579556,0.00652357094579556,0.2980429287162613,0.1788257572297568,0.9777543803051669,0.9805566804728032,0.9888146339456991,42.85714285714286,0.3,7.0
2056.402717217132,0.27139049380622343,0.07686313012283545,495.03910966283945,0.0279746328132816,245.25160802067586,4.901857751897681e-05,4.901855890025698e-05,4999.997172536334,0.4357120208687092,0.00433280227495708,0.037926164799441754,0.0,0.004348894181031428,0.004348894181031428,0.2986953317456906,0.17921719904741434,0.9851281997482741,0.9870099738485827,0.992536246062719,50.0,0.3,7.0
0.12518293076551318,9.332318474732514e-06,1.3199234788002535e-05,348.58730373439835,0.053885952297270126,180.06164280992627,2.2845301528349285e-05,2.2845292851021403e-05,4999.999444677972,0.0016279486735948985,2.637581066517059e-07,0.00011523483478252666,0.0,3.2388221591341264e-07,3.2388221591341264e-07,0.29999990283533523,0.17999994170120112,0.9999988861616281,0.9999990283536669,0.999999443080659,57.142857142857146,0.3,7.0
2.2020491763426065e-11,1.5252063784147282e-15,2.435237603884111e-15,293.13808324101564,0.062419353054395894,156.2099206584445,2.5164346116047923e-05,2.5164336557877638e-05,4999.999422969269,0.00014596709823733653,4.639676655230401e-17,1.9976283265730908e-14,0.0,5.39092047612757e-09,5.39092047612757e-09,0.29999999838272384,0.17999999902963432,0.9999999814604937,0.9999999838272386,0.9999999907302468,64.28571428571429,0.3,7.0
1.7637214442793174e-10,1.2329700509190701e-14,1.954730035252514e-14,332.9066168983859,0.061413226685868176,176.0483620739768,2.2501866256240446e-05,2.250185770935955e-05,4999.999490863496,0.00014486301404815962,3.716128276909479e-16,1.7326165708454525e-13,0.0,5.350144283323804e-09,5.350144283323804e-09,0.29999999839495667,0.17999999903697403,0.9999999816007239,0.9999999839495671,0.999999990800362,71.42857142857143,0.3,7.0
0.39346204483215336,3.032215895422508e-05,4.098522287502929e-05,476.6813786781638,0.05080721430975169,243.21631965306932,1.7697900713416714e-05,1.7697893991225395e-05,4999.9995783243,0.004870430008641865,8.290172098513261e-07,0.0004039245231417283,0.0,1.008894051634329e-06,1.008894051634329e-06,0.2999996973317845,0.1799998183990707,0.9999965303932908,0.9999969733208987,0.9999982651951407,78.57142857142857,0.3,7.0
2534.5759318108667,0.33800819555416006,0.09110462697276865,736.1582547536151,0.02269409888374245,361.95168781388736,4.3455535245145836e-05,4.3455518739435565e-05,4999.997311923823,0.41796837907061446,0.005340304343821805,0.03640298298199481,0.0,0.005355740933991253,0.005355740933991253,0.2983932777198026,0.17903596663188157,0.9817090252714362,0.9840186754570185,0.9908123057731147,85.71428571428572,0.3,7.0
47.41556159342874,0.005411997005396532,0.0027287400132264034,921.1833816275765,0.013925737750539601,447.2683745675035,3.001316133524997e-05,3.0013149935354855e-05,4999.999140702544,0.11946022862022501,9.990370632188035e-05,0.010396417849637535,0.0,0.0001043156635011754,0.0001043156635011754,0.2999687053009496,0.17998122318056978,0.9996413044361406,0.9996870856536342,0.9998206361323718,92.85714285714286,0.3,7.0
0.0015984826886596749,1.461905467833365e-07,1.3749712881400794e-07,771.2233753785365,0.02632841732385291,383.1836407937342,1.159590203143771e-05,1.1595897626967762e-05,4999.999680375651,0.0005655010762558198,3.3679732923504398e-09,1.1361247994833103e-06,0.0,2.4253305273571333e-08,2.4253305273571333e-08,0.2999999927240084,0.17999999563440505,0.9999999165922944,0.999999927240086,0.9999999582961463,100.0,0.3,7.0
6.485770899532339e-11,4.3901508567896295e-16,2.2960529387400244e-14,123.9212826646252,0.20642276067972914,59.17366817606619,0.000940516092631902,0.0009405160700515116,4999.995294377013,0.1428270085807832,3.3912008821987207e-16,7.492191227366132e-13,0.0,5.274949271602585e-06,5.274949271602585e-06,0.2999984175152185,0.1799990505091311,0.9999818594449423,0.9999841752356603,0.9999909296813358,0.0,0.0,14.0
0.0013328148229751688,1.2263800648607175e-08,6.803547374455375e-07,376.4604984371165,0.1134933143776136,179.3260482111685,7.086048716077152e-05,7.086047037186136e-05,4999.998539592042,0.06350086505647896,6.968859790910693e-09,3.394411769865781e-05,0.0,2.3522104578799527e-06,2.3522104578799527e-06,0.2999992943368626,0.17999957660211757,0.9999919107155503,0.9999929433852252,0.9999959553495955,7.142857142857143,0.0,14.0
0.0790980865980344,3.0862376713863086e-06,2.30381597748255e-05,639.5654101942888,0.039783572222912275,303.4731467621906,7.702918531247168e-05,7.702915636009121e-05,4999.999307624111,0.03895944022607112,4.135784399520305e-07,0.0007108579020233608,0.0,1.8524454502703913e-06,1.8524454502703913e-06,0.29999944426636493,0.17999966655981894,0.9999936294102253,0.9999944426739439,0.9999968147000395,14.285714285714286,0.0,14.0
0.1006542866157986,6.602967355676561e-06,2.1236154430092464e-05,784.156879276073,0.02307577049335963,374.4124216022602,4.83150906725394e-05,4.831507233021683e-05,4999.999480725019,0.020085710462650223,5.262888727586652e-07,0.00042651910536412247,0.0,1.268103077372771e-06,1.268103077372771e-06,0.2999996195690768,0.17999977174144607,0.9999956389697627,0.9999961956955923,0.999997819482504,21.42857142857143,0.0,14.0
0.0171176000237561,1.0927897849575114e-06,3.6353379202032765e-06,781.5157804305585,0.02551837920639857,379.1835038177747,3.1561538394933445e-05,3.156152640719546e-05,4999.999378002057,0.008406520750122212,8.950242184143806e-08,7.164347342802968e-05,0.0,3.9997570658882067e-07,3.9997570658882067e-07,0.299999880007288,0.1799999280043728,0.9999986244745036,0.9999988000733603,0.9999993122370153,28.571428571428573,0.0,14.0
0.0005303130787247297,3.187448611072194e-08,1.1746453752372031e-07,790.2228396835807,0.029062115599795484,387.65479353302754,1.2217163742808504e-05,1.2217159102373185e-05,4999.999335438365,0.0039685911537240375,2.772836426495573e-09,2.465968589363676e-06,0.0,1.493425729370721e-07,1.493425729370721e-07,0.2999999551972281,0.17999997311833688,0.999999486407349,0.999999551972348,0.9999997432036416,35.714285714285715,0.0,14.0
0.09464177210662428,7.677234677010957e-06,1.679184577042749e-05,848.3067460112184,0.016613504797844268,416.86181730249524,3.523714257154941e-05,3.523712918743042e-05,4999.999535268004,0.00570323534390569,4.948513693013373e-07,0.0002488984392474229,0.0,7.05485740350029e-07,7.05485740350029e-07,0.2999997883542779,0.17999987301256673,0.9999975738195526,0.999997883544272,0.9999987869090405,42.85714285714286,0.0,14.0
0.06301348973094428,4.534947277507577e-06,1.2275537277719848e-05,797.4001426312088,0.022524324720686953,397.4583178220221,4.444583225228316e-05,4.4445815370428557e-05,4999.999463409203,0.004373436818080884,3.294772591819531e-07,0.00021091503399841305,0.0,4.909989320482187e-07,4.909989320482187e-07,0.29999985270032037,0.17999991162019222,0.9999983114437729,0.999998527003927,0.9999991557215301,50.0,0.0,14.0
3.8359282723362476e-06,1.4996786170449572e-10,1.084411831253951e-09,700.7975730062036,0.050941903416363926,357.7492541723422,1.270497262311683e-05,1.2704967797388744e-05,4999.999270056018,0.0007547986734168544,2.0056834480748765e-11,3.114298579381411e-08,0.0,2.7896610098836972e-08,2.7896610098836972e-08,0.2999999916310169,0.1799999949786102,0.9999999040628812,0.9999999163101719,0.9999999520314394,57.142857142857146,0.0,14.0
6.747647335745555e-16,2.138860892908106e-20,2.0811069036747622e-19,678.9840382444552,0.06003470524151371,350.9248799670804,1.1907890629836968e-05,1.1907886106864435e-05,4999.999221077504,0.0003846505105531571,3.528127643145106e-21,6.53727056439035e-18,0.0,1.4206080141952896e-08,1.4206080141952896e-08,0.299999995738176,0.17999999744290557,0.9999999511449452,0.9999999573817603,0.9999999755724723,64.28571428571429,0.0,14.0
5.404498175500577e-15,1.7555464478435533e-19,1.6863556227229538e-18,740.4445379781877,0.05903733869834924,380.66289490314944,1.1061073622992264e-05,1.1061069421666127e-05,4999.999306605754,0.0003662646214668983,2.825838171669064e-20,5.446165437005435e-17,0.0,1.352704448058003e-08,1.352704448058003e-08,0.29999999594188664,0.179999997565132,0.9999999534801649,0.9999999594188671,0.9999999767400822,71.42857142857143,0.0,14.0
1.2072570686721582e-05,5.09915233911756e-10,3.4287960391492416e-09,888.2343497496773,0.047910537016777846,448.20153571649223,1.0374674553258426e-05,1.0374670612647157e-05,4999.999451241349,0.000633957851082071,6.312358699899311e-11,1.0285740273708697e-07,0.0,2.3476730983849963e-08,2.3476730983849963e-08,0.2999999929569807,0.1799999957741884,0.9999999192629523,0.9999999295698087,0.9999999596314754,78.57142857142857,0.0,14.0
3.978789777666705,0.0003482809035595807,0.0006675129043647819,1119.4827843662565,0.01818241121881069,552.2177507711405,3.640045193667545e-05,3.640043811069658e-05,4999.9991032943835,0.10809964432712636,2.0803811317293845e-05,0.009333810270810783,0.0,2.47961944508011e-05,2.47961944508011e-05,0.2999925611416647,0.17999553668499885,0.9999147280256945,0.999925613261186,0.9999573631038948,85.71428571428572,0.0,14.0
4019.771642202608,0.6007789445356433,0.31997723965638036,1292.1219151563391,0.01029031520168361,630.0535008369168,1.961377970198362e-05,1.9613772252084254e-05,4999.995019312328,0.7826146246064751,0.021018092298415697,0.06811399683497604,0.0,0.021046996162501132,0.021046996162501132,0.29368590115124965,0.1762115406907498,0.9295694187195482,0.9381786163397184,0.9641418042588695,92.85714285714286,0.0,14.0
23.7265401750686,0.002391009733600307,0.003398718427732794,1216.386552911671,0.021741858938509873,597.6600583337196,7.709467836381546e-06,7.709464908095393e-06,4999.997464238381,0.3688790757853768,0.0001240584430433974,0.03214398109032118,0.0,0.0001376820456892363,0.0001376820456892363,0.2999586953862932,0.17997521723177592,0.9995265926556868,0.9995870107293595,0.9997632683068961,100.0,0.0,14.0
8.233329578957016e-09,5.5730551592222855e-14,2.914712957682439e-12,123.921280832531,0.20642275568954335,59.17366729105239,0.0009405161269604732,0.0009405161043800724,4999.9952945891955,0.14282756465164223,4.3049430767906455e-14,9.510924729462829e-11,0.0,5.274969851363989e-06,5.274969851363989e-06,0.2999984175090446,0.17999905050542675,0.9999818593741693,0.9999841751739217,0.9999909296459489,0.0,0.075,14.0
0.16919351415982,1.5850406708675125e-06,8.54622779897894e-05,376.4606295884205,0.1134770575648001,179.32607255419546,7.09308463239371e-05,7.093082950830307e-05,4999.998441975676,0.11165756230290994,8.846584367055919e-07,0.004233636442857299,0.0,5.008444146098624e-06,5.008444146098624e-06,0.29999849746675616,0.1799990984800537,0.9999827759503416,0.9999849747428151,0.999991387938087,7.142857142857143,0.075,14.0
10.041067224151417,0.0006369655736995288,0.0021096252720435196,639.5785496332351,0.03969660488315159,303.4787959857211,7.725051575451297e-05,7.725048671806178e-05,4999.99674305302,0.48993583960059445,5.2501509159404e-05,0.04012773565405467,0.0,7.059603291752973e-05,7.059603291752973e-05,0.29997882119012476,0.17998729271407485,0.9997572407558306,0.9997882268522953,0.9998786130105147,14.285714285714286,0.075,14.0
12.777508303637703,0.001104025338569056,0.0021232869503188543,784.173774861448,0.023020768805630018,374.41980015803347,4.844091436797947e-05,4.844089597786511e-05,4999.99777640995,0.3251422216331144,6.680947893907613e-05,0.027116300379589602,0.0,7.88177730432722e-05,7.88177730432722e-05,0.299976354668087,0.1799858128008522,0.9997289714714748,0.9997635653171045,0.9998644765524349,21.42857142857143,0.075,14.0
2.1729852130069376,0.0001499731567163815,0.0004337307017196358,781.5186330900475,0.025502130841439284,379.18473829570297,3.163197848706756e-05,3.163196647257432e-05,4999.999003938919,0.09501047230253147,1.1361840381820002e-05,0.007653603029783472,0.0,1.4870808514770643e-05,1.4870808514770643e-05,0.29999553875744556,0.17999732325446732,0.999948859913455,0.9999553882378751,0.9999744296298055,28.571428571428573,0.075,14.0
0.06732032976198483,4.059441073208041e-06,1.4874768416857928e-05,790.2229133948165,0.029060996755707474,387.6548230087829,1.2217559757862649e-05,1.221755511727691e-05,4999.999325451838,0.007505002191513988,3.5199633970298873e-07,0.0003109932395240956,0.0,6.291743485007162e-07,6.291743485007162e-07,0.2999998112476954,0.17999988674861725,0.9999978362558356,0.9999981124781421,0.9999989181273325,35.714285714285715,0.075,14.0
12.014252642604987,0.0011517360237124992,0.0018065854362784995,848.3226026045728,0.016577329365937823,416.8687692629677,3.53245894332013e-05,3.5324576015867385e-05,4999.9984111651875,0.2154128035774557,6.281866071386834e-05,0.018611046872007642,0.0,7.077438017157182e-05,7.077438017157182e-05,0.2999787676859485,0.1799872606115691,0.9997566275277576,0.9997876918861694,0.9998783063592077,42.85714285714286,0.075,14.0
7.9992160825862335,0.0006808708798376049,0.0013431178600527723,797.4106472686706,0.022486043400737114,397.4628974376037,4.4566253359430305e-05,4.4566236431836166e-05,4999.9984564800225,0.1979751346491604,4.182532663637662e-05,0.017158679375744668,0.0,4.913703051243457e-05,4.913703051243457e-05,0.29998525889084626,0.17999115533450777,0.9998310273256451,0.9998525961516873,0.9999155100935504,50.0,0.075,14.0
0.00048695000481223025,1.903846377011529e-08,1.376561342750399e-07,700.7975539110654,0.0509418709458385,357.7492463884085,1.2705010174186995e-05,1.2705005348444645e-05,4999.999259663204,0.0007790859678725101,2.5461048678500014e-09,3.953162381395737e-06,0.0,3.131964706632201e-08,3.131964706632201e-08,0.29999999060410587,0.17999999436246353,0.9999998922909745,0.9999999060410617,0.9999999461454858,57.142857142857146,0.075,14.0
8.565767317154198e-14,2.7151663126010905e-18,2.6418507978444222e-17,678.9840382366839,0.0600347052307095,350.9248799639554,1.1907890639294515e-05,1.1907886116321978e-05,4999.999221077504,0.0003846505106362407,4.478764071783169e-19,8.298705570586687e-16,0.0,1.4206080145465723e-08,1.4206080145465723e-08,0.299999995738176,0.17999999744290557,0.9999999511449452,0.9999999573817603,0.9999999755724723,64.28571428571429,0.075,14.0
6.860713044077031e-13,2.2285696151759317e-17,2.1407356685174837e-16,740.4445379435971,0.05903733866898091,380.6628948874274,1.1061073629646274e-05,1.1061069428320135e-05,4999.999306605744,0.0003662646226878807,3.5872460634192394e-18,6.913607335713098e-15,0.0,1.352704452923287e-08,1.352704452923287e-08,0.29999999594188664,0.179999997565132,0.9999999534801649,0.9999999594188671,0.9999999767400822,71.42857142857143,0.075,14.0
0.0015305444882575635,6.465605749202205e-08,4.346531442990724e-07,888.2342872880738,0.047910452334559456,448.2015073900532,1.037470096041884e-05,1.037469701979754e-05,4999.999451184731,0.0007845971851709271,8.002724578504165e-09,1.3037073882024143e-05,0.0,3.697980945395954e-08,3.697980945395954e-08,0.29999998890605717,0.17999999334363428,0.9999998728255391,0.9999998890605758,0.9999999364127675,78.57142857142857,0.075,14.0
13.196072615305827,0.0012904362991983027,0.001967187186470442,1119.4958858702748,0.018146172670458184,552.2234847210376,3.650286934354555e-05,3.65028554786655e-05,4999.998291392685,0.24335476183106075,6.899801702494655e-05,0.02116619864812735,0.0,7.79857010514813e-05,7.79857010514813e-05,0.29997660428968453,0.17998596257381072,0.9997318324052744,0.9997660611416801,0.9998659072121994,85.71428571428572,0.075,14.0
3438.4750456874003,0.5127994242266701,0.2748840846518262,1292.0754035455236,0.010322931616628433,630.0329640987757,1.9639031640743387e-05,1.963902418125258e-05,4999.995091594814,0.7711671753989764,0.01797867946460193,0.06712377196766377,0.0,0.018007160546508735,0.018007160546508735,0.29459785183604736,0.1767587111016284,0.9395034513512189,0.9469454528904966,0.9692798622437273,92.85714285714286,0.075,14.0
20.29438528170022,0.002000560791853034,0.0029808840946083997,1216.3863546874852,0.02174387037386228,597.6599733000381,7.709409255493539e-06,7.709406327229633e-06,4999.997605232941,0.3452294697366531,0.0001061128096213599,0.03008195550694619,0.0,0.00011886297471899291,0.00011886297471899291,0.2999643411075843,0.17997860466455057,0.9995912903618772,0.999643453459384,0.9997956242962245,100.0,0.075,14.0
2.1908077533711888e-07,1.4829349877094286e-12,7.755763475804639e-11,123.9212772085661,0.20642274746457667,59.173665544300135,0.0009405161877853131,0.0009405161652048938,4999.9952945119385,0.1428278988706175,1.1455028709842245e-12,2.5307631495738326e-09,0.0,5.274983297338151e-06,5.274983297338151e-06,0.2999984175050108,0.17999905050300646,0.9999818593279288,0.9999841751335841,0.9999909296228285,0.0,0.15,14.0
4.5020724493870325,7.308321430430514e-05,0.0017246947951226846,376.4608889444702,0.11344499276162044,179.32612077529157,7.10718001525969e-05,7.107178328342575e-05,4999.994118667645,0.839998944636682,2.3539888008046503e-05,0.06785890160278815,0.0,5.456309478736648e-05,5.456309478736648e-05,0.2999836310715638,0.17999017864293826,0.9998123694686237,0.9998363196468695,0.999906180333247,7.142857142857143,0.15,14.0
267.18289017623744,0.033193706995263465,0.029033731357898055,639.6046623803239,0.03952948128760316,303.4900342406691,7.768802751658639e-05,7.768799831394947e-05,4999.992567422657,1.1498927927558682,0.0013970133495455482,0.09758988895376527,0.0,0.0014394816908589348,0.0014394816908589348,0.2995681554927423,0.17974089329564538,0.9950588240062767,0.9956877682672772,0.9975263525372533,14.285714285714286,0.15,14.0
339.9968869449854,0.04527373492997455,0.033312639672224184,784.2073581473467,0.022914322175817875,374.4344725972959,4.869332307507311e-05,4.8693304589086e-05,4999.994699026905,0.8187980051654119,0.001777734306088118,0.0701204947946357,0.0,0.0018079745105394796,0.0018079745105394796,0.29945760764683815,0.17967456458810288,0.9937968991159782,0.9945858768740177,0.9968936247744682,21.42857142857143,0.15,14.0
57.82099218745909,0.006232123850645847,0.007532290220026638,781.5242953078838,0.025470160870098985,379.1871891895081,3.177313472787092e-05,3.1773122659762314e-05,4999.996224620438,0.553948743362045,0.0003023273605453099,0.04773119284496364,0.0,0.00032278603673793077,0.00032278603673793077,0.2999031641889786,0.17994189851338716,0.9988903957138159,0.9990319544286314,0.9994450438687541,28.571428571428573,0.15,14.0
1.7913275423713209,0.00011612122781656994,0.00037435467760395827,790.2230577574655,0.029058783529772973,387.65488066895875,1.2217893749301313e-05,1.2217889108588713e-05,4999.998988917571,0.08521560951983494,9.366275244835678e-06,0.007113314403334153,0.0,1.251349524057397e-05,1.251349524057397e-05,0.2999962459514278,0.17999774757085668,0.9999569664832906,0.999962459984039,0.9999784830101549,35.714285714285715,0.15,14.0
319.6874069957208,0.04315796305347278,0.030613378630220203,848.3541174761792,0.016506842422336996,416.8825895634278,3.5500008496861034e-05,3.549999501289772e-05,4999.995857616861,0.632404328213809,0.0016715425713077238,0.054956216352880075,0.0,0.0016948988033215625,0.0016948988033215625,0.29949153035900355,0.17969491821540212,0.9941840049295462,0.9949239167669908,0.9970877618993957,42.85714285714286,0.15,14.0
212.8512462250005,0.027443756965442392,0.021907307095555332,797.4315158137778,0.022411302814634496,397.47199815349603,4.4807727090238555e-05,4.480771007092547e-05,4999.995604484902,0.6607637648168363,0.0011129306680064224,0.05749216383942931,0.0,0.0011373342830812733,0.0011373342830812733,0.2996587997150756,0.17979527982904536,0.9960944468022248,0.9965918762673954,0.9980453130004794,50.0,0.15,14.0
0.012957259099324419,5.071846188113015e-07,3.6601881674696227e-06,700.7975149338728,0.05094181046430276,357.7492304687095,1.2705064084874295e-05,1.2705059259111466e-05,4999.999260488441,0.001940596982645978,6.774933800340466e-08,0.00010500756456530379,0.0,1.3942031074967395e-07,1.3942031074967395e-07,0.2999999581739068,0.17999997490434405,0.9999995205302378,0.9999995817391261,0.9999997602650902,57.142857142857146,0.15,14.0
2.2792661549657248e-12,7.224789623530173e-17,7.029704270570087e-16,678.9840382232535,0.060034705212676405,350.9248799585659,1.1907890654102946e-05,1.1907886131130406e-05,4999.9992210775035,0.0003846505107353224,1.1917549224630724e-17,2.2082036587772247e-14,0.0,1.4206080160594724e-08,1.4206080160594724e-08,0.29999999573817593,0.17999999744290557,0.9999999511449452,0.99999995738176,0.9999999755724723,64.28571428571429,0.15,14.0
1.8255680381383885e-11,5.9300038304086e-16,5.696286359351212e-15,740.4445378814582,0.059037338619575,380.66289485917775,1.106107364007014e-05,1.1061069438743995e-05,4999.999306605741,0.0003662646246541893,9.54530777813183e-17,1.839642685380085e-13,0.0,1.352704469371927e-08,1.352704469371927e-08,0.2999999959418866,0.17999999756513194,0.9999999534801639,0.9999999594188664,0.9999999767400817,71.42857142857143,0.15,14.0
0.040725919534382975,1.7270004635835865e-06,1.1535049264263034e-05,888.234161889404,0.047910288013400415,448.2014505438534,1.0374739376398642e-05,1.0374735435762749e-05,4999.99944306048,0.00458080720755431,2.129427270755328e-07,0.0003448347278483646,0.0,3.821230934599489e-07,3.821230934599489e-07,0.2999998853630719,0.17999993121784316,0.999998685870013,0.9999988536311576,0.9999993429347906,78.57142857142857,0.15,14.0
262.9435577447484,0.03525148558140388,0.025527691062343507,1119.521892877713,0.018075236053377422,552.2348688710882,3.670828817117896e-05,3.67082742282747e-05,4999.99590263149,0.623932102048399,0.0013748472445376612,0.054332008820638565,0.0,0.0013978905766057453,0.0013978905766057453,0.29958063282701825,0.17974837969621096,0.9952013310489858,0.9958121878327599,0.997597780194496,85.71428571428572,0.15,14.0
621.33156190501,0.08850810040758998,0.05426012438370112,1291.994831537008,0.010386358202714984,629.9974009939839,1.9669635970634686e-05,1.9669628499519438e-05,4999.996180108083,0.5936315586303915,0.003248742784026053,0.051702772325381396,0.0,0.0032706670432310287,0.0032706670432310287,0.2990187998870307,0.17941127993221842,0.988799725889419,0.9902200556718449,0.9943840937431667,92.85714285714286,0.15,14.0
3.638583043980442,0.0002936155530223806,0.0006571625970241831,1216.3860082186084,0.021747480029886523,597.6598248476556,7.709286620181245e-06,7.70928369196392e-06,4999.998962345108,0.12076061195395268,1.9024979790127357e-05,0.010468775680954834,0.0,2.3484963292922216e-05,2.3484963292922216e-05,0.2999929545110121,0.17999577270660727,0.999919237099179,0.9999295467647387,0.9999596177342258,100.0,0.15,14.0
1.221934452745692e-06,8.271147301505602e-12,4.3258174774150996e-10,123.92127279744216,0.20642273913125186,59.173663422017974,0.0009405162559662292,0.0009405162333857898,4999.995294841725,0.1428296464566113,6.389102017832599e-12,1.411546297902134e-08,0.0,5.275053083544162e-06,5.275053083544162e-06,0.2999984174840749,0.17999905049044496,0.9999818590879358,0.9999841749242278,0.999990929502831,0.0,0.22499999999999998,14.0
25.11054393612528,0.0010647826379673157,0.006121956306475461,376.4612305528137,0.1134063358175978,179.3261913571856,7.128379881534211e-05,7.128378186564971e-05,4999.989876567788,1.5404759447008656,0.00013129495331822122,0.12876994534846212,0.0,0.00018818848166865705,0.00018818848166865705,0.2999435434554994,0.17996612607329965,0.9993529732111659,0.9994355407930432,0.9996764342581883,7.142857142857143,0.22499999999999998,14.0
1490.2265074976435,0.21110984495442306,0.13141866237848035,639.6391422067718,0.0393500193242374,303.5049533023931,7.798532531706825e-05,7.798529600150126e-05,4999.990053374512,1.560915945855592,0.0077919148320000145,0.13337700759302767,0.0,0.007849563259373171,0.007849563259373171,0.29764513102218804,0.17858707861331283,0.973278719653487,0.9766356734960789,0.9865488936963475,14.285714285714286,0.22499999999999998,14.0
1896.3503728022772,0.27587667371833496,0.15917554728247277,784.2517468403985,0.022798454269910888,374.45391463056694,4.885384810072973e-05,4.885382955376989e-05,4999.992928801304,1.1093215982487798,0.009915405827345382,0.09541043325892208,0.0,0.009956375775637547,0.009956375775637547,0.29701308726730874,0.17820785236038522,0.9661993129033403,0.9704272739591026,0.9829543798688423,21.42857142857143,0.22499999999999998,14.0
322.49960014554426,0.042338106128754355,0.03221057219653435,781.5317299801893,0.025431333503696574,379.1904135392366,3.195754910479918e-05,3.195753696664447e-05,4999.994899940256,0.7759417891419012,0.0016862466242851216,0.06703140920121055,0.0,0.0017149040443056628,0.0017149040443056628,0.2994855287867083,0.17969131727202498,0.9941155102763289,0.9948641055113724,0.9970534139534998,28.571428571428573,0.22499999999999998,14.0
9.99122281180333,0.0007878751590442204,0.001777351881170052,790.223244205842,0.029055964029872827,387.65495517691124,1.2218134656039966e-05,1.2218130015235864e-05,4999.99779191507,0.28691789423001196,5.2240888767863085e-05,0.024753038849322583,0.0,6.28374653686047e-05,6.28374653686047e-05,0.2999811487603894,0.17998868925623365,0.9997839180402395,0.9998114994492872,0.9998919531830625,35.714285714285715,0.22499999999999998,14.0
1783.0731889454983,0.2606603226908231,0.14823165687755455,848.3957455879823,0.016427891404538264,416.9008731033065,3.5632324576968046e-05,3.563231104274712e-05,4999.994546857805,0.8518123339964448,0.009323115887138207,0.07406027604307218,0.0,0.009354575391157199,0.009354575391157199,0.2971936273826528,0.1783161764295917,0.9682175370720182,0.972197979467836,0.9839804556351809,42.85714285714286,0.22499999999999998,14.0
1187.1889291607552,0.1702873310212721,0.10227898399716545,797.4590182941922,0.022325397727322855,397.4840167020685,4.503752648037162e-05,4.503750937377386e-05,4999.994221006892,0.8990430738288202,0.006207428856601849,0.07825499254454987,0.0,0.006240632706869745,0.006240632706869745,0.2981278101879391,0.17887668611276344,0.9787113950003461,0.9813946953245973,0.9892984357615987,50.0,0.22499999999999998,14.0
0.07226978853919747,2.8444322050389767e-06,2.0343792479694004e-05,700.7974622337138,0.05094173731617949,357.7492088995136,1.270511079410537e-05,1.27051059683248e-05,4999.9992552914155,0.007403205898194435,3.778754668440639e-07,0.0005809046463406461,0.0,6.512938906123284e-07,6.512938906123284e-07,0.2999998046118328,0.1799998827670997,0.9999977601863177,0.9999980461196007,0.9999988800925318,57.142857142857146,0.22499999999999998,14.0
1.2712725876764487e-11,4.029664101593198e-16,3.9208542265746025e-15,678.984038208658,0.060034705193998825,350.92487995272916,1.1907890668375189e-05,1.1907886145402643e-05,4999.9992210775035,0.0003846505108109041,6.647075247684577e-17,1.2316371092729466e-13,0.0,1.4206080217939343e-08,1.4206080217939343e-08,0.29999999573817593,0.17999999744290554,0.9999999511449441,0.99999995738176,0.9999999755724718,64.28571428571429,0.22499999999999998,14.0
1.0182200963075054e-10,3.307490572579495e-15,3.177133430003549e-14,740.4445378097979,0.05903733856794301,380.6628948265882,1.1061073650035975e-05,1.1061069448709827e-05,4999.999306605738,0.00036626462661911883,5.323945206142706e-16,1.0260703031617305e-12,0.0,1.3527045203230348e-08,1.3527045203230348e-08,0.2999999959418864,0.17999999756513185,0.9999999534801624,0.9999999594188651,0.9999999767400809,71.42857142857143,0.22499999999999998,14.0
0.22715092717282728,9.804451349008001e-06,6.355314048371036e-05,888.2339952025359,0.04791007878642011,448.2013750153038,1.0374770104277786e-05,1.037476616363022e-05,4999.999395069565,0.022024677944577613,1.187699097845559e-06,0.0018705292673808936,0.0,2.001124093775871e-06,2.001124093775871e-06,0.29999939966277184,0.17999963979766312,0.9999931181033004,0.9999939966397322,0.9999965590457301,78.57142857142857,0.22499999999999998,14.0
1463.2670849103329,0.2130172545665089,0.12268086170337039,1119.5560786195363,0.017994624773549107,552.2498567550797,3.687721848263477e-05,3.687720447556573e-05,4999.994584967761,0.8460013430839763,0.007650952687209657,0.07367735328018524,0.0,0.007682197577182023,0.007682197577182023,0.2976953407268454,0.17861720443610724,0.9738427806453255,0.9771300023735001,0.98683472813097,85.71428571428572,0.22499999999999998,14.0
50.38456977106028,0.006110622443593842,0.005750492693795087,1291.9345484536357,0.010447989117177717,629.9708224910327,1.9596893366597174e-05,1.9596885923111743e-05,4999.997705243715,0.3407315407281421,0.0002634447008745616,0.029680741793484098,0.0,0.00027602874649954446,0.00027602874649954446,0.2999171913760501,0.17995031482563006,0.9990510702895711,0.9991721423150768,0.9995254225328994,92.85714285714286,0.22499999999999998,14.0
0.1367439542165153,1.0018327762823665e-05,2.7022379793748564e-05,1216.3857398983946,0.021750334877763698,597.6597100382805,7.709084638317883e-06,7.709081710177277e-06,4999.999569597555,0.00710025046356156,7.149901304836865e-07,0.0005078169263173054,0.0,9.77219672225915e-07,9.77219672225915e-07,0.2999997068340983,0.179999824100459,0.9999966393219735,0.9999970683438483,0.999998319659575,100.0,0.22499999999999998,14.0
1.4285861087150216e-06,9.66995090615669e-12,5.057392972219927e-10,123.92127035035804,0.20642273389513804,59.17366224319413,0.0009405162975399499,0.0009405162749594978,4999.99529772089,0.1428379217476884,7.469617023506893e-12,1.6502647844407276e-08,0.0,5.27535979071249e-06,5.27535979071249e-06,0.2999984173920628,0.17999905043523767,0.9999818580331769,0.9999841740041161,0.9999909289754467,0.0,0.3,14.0
29.35720010907401,0.0013519565431526174,0.006858284814071711,376.4614262212039,0.11338507779329172,179.32623356636478,7.140286520830358e-05,7.140284821338754e-05,4999.9895431926825,1.5947700166223384,0.00015349935181329876,0.13348962343845674,0.0,0.00021239809246889962,0.00021239809246889962,0.29993628057225935,0.1799617683433556,0.9992697590300866,0.9993629410518605,0.9996348128342103,7.142857142857143,0.3,14.0
1742.251298886275,0.24862094673754542,0.15162158596358233,639.6588858260803,0.039255839802085885,303.5135127485408,7.811740261978443e-05,7.811737325404627e-05,4999.989823141799,1.5981733678091201,0.00910967136107291,0.13661072096726037,0.0,0.009168695795776442,0.009168695795776442,0.2972493912612671,0.17834963475676024,0.96884155271377,0.9727453367942048,0.9842974919777913,14.285714285714286,0.3,14.0
2217.058201243587,0.32408438800607003,0.18438911411264008,784.2771990768491,0.022737721106993666,374.46507344771294,4.8919193054386154e-05,4.8919174482606054e-05,4999.992773969735,1.1345244879226688,0.011592283854006024,0.09759688184840866,0.0,0.011634184606393577,0.011634184606393577,0.29650974461808194,0.17790584677084914,0.9605892761033952,0.9655019341988377,0.9800965646829883,21.42857142857143,0.3,14.0
377.04023141244426,0.05011661932147482,0.03693381548857527,781.5359673064933,0.025410048669657487,379.19225285220574,3.205687869223259e-05,3.205686651634952e-05,4999.994782770483,0.796530534514574,0.0019714220332427844,0.06882768598529115,0.0,0.0020008398457722703,0.0020008398457722703,0.2993997480462683,0.179639848827761,0.9931369021244305,0.9940094825328661,0.9965625430069256,28.571428571428573,0.3,14.0
11.680922889068801,0.0009448771752714008,0.0020318867602483687,790.2233510112974,0.02905438745952332,387.6549979422876,1.2218261954116077e-05,1.2218257313263621e-05,4999.997638775392,0.3124140605350693,6.107578670279847e-05,0.026978359667008768,0.0,7.261399881917021e-05,7.261399881917021e-05,0.2999782158003542,0.17998692948021255,0.9997503022111695,0.999782173821538,0.9998751433109884,35.714285714285715,0.3,14.0
2084.623756066479,0.30607203765855884,0.1718511897317389,848.4196025290472,0.016386297517386874,416.91135820934585,3.568846962299067e-05,3.5688456067444174e-05,4999.99442913858,0.8709570470289907,0.01089982675942931,0.0757218915079771,0.0,0.010931993324326095,0.010931993324326095,0.29672040200270217,0.17803224120162128,0.9629341762986109,0.9675612389952667,0.9812920953001766,42.85714285714286,0.3,14.0
1387.9644761700547,0.20031470047999553,0.1182229677004109,797.4747445071738,0.022279622951093078,397.4908954075049,4.5147622442086724e-05,4.514760529367124e-05,4999.994080736191,0.9217410828411656,0.007257219579538012,0.08022729710611673,0.0,0.007291261722558017,0.007291261722558017,0.29781262148323256,0.17868757288993956,0.9751612846970352,0.9782853147031634,0.9875025492103984,50.0,0.3,14.0
0.08449194288194585,3.329220296150975e-06,2.376732060249086e-05,700.7974326343489,0.0509416947777523,357.74919679609695,1.270513873228366e-05,1.2705133906492478e-05,4999.999254725871,0.008518215865658875,4.417811786423128e-07,0.0006780060661729367,0.0,7.563796360314691e-07,7.563796360314691e-07,0.2999997730861092,0.1799998638516655,0.9999973987945361,0.9999977308628082,0.9999986993964223,57.142857142857146,0.3,14.0
1.4862682323621727e-11,4.711154633842124e-16,4.5839430005618926e-15,678.9840381996331,0.06003470518235505,350.9248799491135,1.1907890677034032e-05,1.1907886154061481e-05,4999.9992210775035,0.0003846505108514914,7.771218285144777e-17,1.4399296631031338e-13,0.0,1.420608023067976e-08,1.420608023067976e-08,0.29999999573817593,0.17999999744290554,0.9999999511449441,0.99999995738176,0.9999999755724718,64.28571428571429,0.3,14.0
1.1904198968535798e-10,3.866848240695888e-15,3.7144452978903354e-14,740.44453776676,0.05903733853567713,380.66289480701914,1.1061073656020354e-05,1.1061069454694205e-05,4999.9993066057295,0.00036626462799467204,6.224322546897039e-16,1.199597717723385e-12,0.0,1.352704534407061e-08,1.352704534407061e-08,0.29999999594188637,0.17999999756513183,0.999999953480162,0.9999999594188644,0.9999999767400808,71.42857142857143,0.3,14.0
0.2655663389159953,1.1503418963084821e-05,7.411810917194079e-05,888.2339008063414,0.04790995911800133,448.20133223677686,1.0374788184189176e-05,1.0374784243534743e-05,4999.999377249725,0.025491909632358225,1.3885609232345167e-06,0.002174601814024523,0.0,2.330039229575061e-06,2.330039229575061e-06,0.29999930098823113,0.17999958059293866,0.9999919869624815,0.9999930098985985,0.9999959934732147,78.57142857142857,0.3,14.0
1710.7064321864655,0.25021532055136014,0.14213100049437655,1119.57563350917,0.017952004256937583,552.2584365811058,3.6952973502417386e-05,3.695295946657432e-05,4999.994461722392,0.8660166056100936,0.008944733404678372,0.0754147204465125,0.0,0.008976717507041486,0.008976717507041486,0.2973069847478876,0.17838419084873253,0.9694863603684117,0.9733108684935018,0.9846249846354762,85.71428571428572,0.3,14.0
32.0030286666771,0.003721788722746086,0.003880382972171013,1291.9043007447628,0.010479474362492395,629.9574882458685,1.9555242339094767e-05,1.9555234911429642e-05,4999.998072338576,0.286478729594058,0.00016733353787641824,0.024934326234965987,0.0,0.00017791389505760182,0.00017791389505760182,0.2999466258314827,0.17996797549888963,0.999388290985359,0.9994663532692577,0.9996940987048784,92.85714285714286,0.3,14.0
0.0010788923633765941,7.866371048255553e-08,2.1413603961526032e-07,1216.3856030229238,0.02175177718192546,597.6596514585361,7.708808596763017e-06,7.70880566872726e-06,4999.999579683217,0.0013224487127227195,5.6411809654639576e-09,4.054836241208102e-06,0.0,5.448243265011619e-08,5.448243265011619e-08,0.2999999836552702,0.17999999019316212,0.9999998126335989,0.9999998365527109,0.999999906316795,100.0,0.3,14.0
4.377556445619904e-11,6.256764737124239e-17,3.308782076724176e-14,131.32761930399639,0.20568750307856387,62.06893611669625,0.0009380183579521979,0.0009380183363195382,4999.994109013812,0.21529784948824365,4.3135447057854017e-16,1.7690914088960188e-12,0.0,7.951473923658254e-06,7.951473923658254e-06,0.2999976145578229,0.17999856873469375,0.9999726549693276,0.9999761457679064,0.9999863273911938,0.0,0.0,21.0
0.0008995803597616183,2.1525057180863503e-09,1.2560026071657569e-06,394.1721020000985,0.11069308817361831,186.24297157501846,7.459949242292048e-05,7.459947421373079e-05,4999.998085990077,0.09584359455867084,8.864260567470023e-09,8.802056528025105e-05,0.0,3.5486016274435707e-06,3.5486016274435707e-06,0.2999989354195118,0.17999936125170704,0.999987796328635,0.9999893542328954,0.9999938981457012,7.142857142857143,0.0,21.0
0.05338707521235345,1.3588697747732437e-06,2.963679129923106e-05,656.1831343922519,0.037160759757955165,309.9743778568026,7.16765227319291e-05,7.167649581242768e-05,4999.99905197602,0.06148729086494021,5.260641147643818e-07,0.0013295974023405318,0.0,2.796939514052273e-06,2.796939514052273e-06,0.29999916091814577,0.17999949655088746,0.9999903812916956,0.9999916092049262,0.9999951906342828,14.285714285714286,0.0,21.0
0.06793638381306873,3.6324394229845473e-06,2.5733818398340066e-05,826.2356553950783,0.02114297459827502,393.0159022590679,4.2746021408572235e-05,4.274600518152685e-05,4999.99930367327,0.031599491755137495,6.694296975206117e-07,0.0007683304568999248,0.0,1.8364758862096416e-06,1.8364758862096416e-06,0.29999944905723414,0.17999966943434048,0.9999936843296829,0.9999944905824592,0.9999968421598555,21.42857142857143,0.0,21.0
0.011553485542164345,5.831293742424028e-07,4.491110613167178e-06,882.5585116539629,0.023551948030961292,425.5051182094649,3.197070930856069e-05,3.1970697165406426e-05,4999.999229730785,0.013069831227747653,1.138454226984027e-07,0.0001372016879515975,0.0,5.965461205244014e-07,5.965461205244014e-07,0.29999982103616385,0.1799998926216983,0.9999979484649297,0.9999982103627061,0.9999989742319387,28.571428571428573,0.0,21.0
0.0003579336168250076,1.623650118543885e-08,1.4858391329814591e-07,933.0945437185912,0.027176914122873458,454.83212009483674,1.0689597020729192e-05,1.0689592960509309e-05,4999.999216702105,0.0061111250684773395,3.526996572306884e-09,4.9303562437057996e-06,0.0,2.2922572853399864e-07,2.2922572853399864e-07,0.2999999312322814,0.17999995873936886,0.9999992116873632,0.9999993123229721,0.9999996058436039,35.714285714285715,0.0,21.0
0.0638782507011027,4.551732950535442e-06,2.0244508938799342e-05,1006.6121574419612,0.014790185796871086,493.6288497159968,2.99813989986536e-05,2.9981387610822995e-05,4999.999414982672,0.009625653876029186,6.294417754504975e-07,0.0004612610433800916,0.0,9.849406156441306e-07,9.849406156441306e-07,0.2999997045178153,0.17999982271068918,0.9999966127695282,0.9999970451810635,0.99999830638333,42.85714285714286,0.0,21.0
0.0425308128217401,2.515997715825258e-06,1.5138429514794499e-05,999.943747765941,0.02026197822853257,496.41427995405724,4.029111685401472e-05,4.02911015502451e-05,4999.999343454837,0.007758503616691603,4.19088970659722e-07,0.0004104596432138005,0.0,7.056294044728034e-07,7.056294044728034e-07,0.29999978831117863,0.1799998729867072,0.9999975733254892,0.9999978831132803,0.9999987866620085,50.0,0.0,21.0
2.5890511388109624e-06,5.5305734655980883e-11,1.5982728752769223e-09,959.814044158805,0.049144477432166045,483.70858788993826,8.529511172479998e-06,8.529507932716894e-06,4999.999156868296,0.001221955534511238,2.5511921939921958e-11,7.668494654640158e-08,0.0,4.51553057917085e-08,4.51553057917085e-08,0.29999998645340825,0.17999999187204496,0.9999998447098115,0.9999998645340886,0.9999999223549028,57.142857142857146,0.0,21.0
4.5543093558073e-16,6.851732732746378e-21,3.2974229399720927e-19,970.6937127220376,0.05822054891114288,492.54628241130746,8.688291330248261e-06,8.688288030175705e-06,4999.999098899457,0.00063468676997621,4.487713009368077e-21,1.752061143337204e-17,0.0,2.3440528146842842e-08,2.3440528146842842e-08,0.2999999929678415,0.1799999957807049,0.9999999193874545,0.9999999296784171,0.9999999596937265,64.28571428571429,0.0,21.0
3.647753858405543e-15,5.711609208408387e-20,2.6764209557733026e-18,1039.5657836556425,0.05719405989484161,525.8905890182724,8.240852768059996e-06,8.240849637937972e-06,4999.9991922650715,0.000600662162980569,3.59441381039812e-20,1.4381551226927927e-16,0.0,2.2183916546168752e-08,2.2183916546168752e-08,0.299999993344825,0.179999996006895,0.9999999237089721,0.9999999334482517,0.9999999618544853,71.42857142857143,0.0,21.0
8.148354365811869e-06,1.9718326922740462e-10,5.040439170273379e-09,1167.5327418738882,0.046031477371423865,584.2627150949448,8.255933439731864e-06,8.25593030388175e-06,4999.999366985887,0.00103435280207928,8.029203340297249e-11,2.448582495471171e-07,0.0,3.8281460102195853e-08,3.8281460102195853e-08,0.299999988515562,0.17999999310933718,0.9999998683491319,0.9999998851556241,0.9999999341745638,78.57142857142857,0.0,21.0
2.6854751897337823,0.00021547538290141668,0.0007972737270408073,1350.0530879088749,0.016312457050200933,665.896684244319,3.171925205520022e-05,3.1719240007280874e-05,4999.998533065616,0.19313441710253454,2.6462062639500336e-05,0.01671289176401405,0.0,3.359498702735999e-05,3.359498702735999e-05,0.29998992150389175,0.17999395290233508,0.9998844710556165,0.9998992184247494,0.9999422338593448,85.71428571428572,0.0,21.0
2713.1358068033232,0.4466535364593671,0.3947352633235985,1487.6143851500026,0.009149132684804231,727.2794670148409,1.6726300574947228e-05,1.6726294221798674e-05,4999.992786790188,1.1335583611700748,0.02673462407828743,0.09864898851254847,0.0,0.02677648914926108,0.02677648914926108,0.29196705325522165,0.175180231953133,0.9110607958231076,0.9218022754485695,0.9544950475634264,92.85714285714286,0.0,21.0
16.014174796572203,0.0016152046295901125,0.0039055237264025806,1447.756343063899,0.02011961886125664,710.0776482430247,7.0365484398869404e-06,7.036545767195669e-06,4999.995985380831,0.6013489197191189,0.0001578000415743198,0.05239583115537146,0.0,0.00018000932171935135,0.00018000932171935135,0.2999459972034842,0.1799675983220905,0.9993810881076295,0.9994600692390767,0.9996904961575005,100.0,0.0,21.0
5.557067236197849e-09,7.942618875709257e-15,4.2003168820994176e-12,131.32761657650508,0.2056874976389696,62.06893481438104,0.0009380184005610798,0.0009380183789284073,4999.994109225175,0.21529840580338272,5.475807851747814e-14,2.245764235313462e-10,0.0,7.951494524057926e-06,7.951494524057926e-06,0.29999761455164276,0.17999856873098566,0.9999726548984837,0.9999761457061062,0.9999863273557713,0.0,0.075,21.0
0.11419678091324618,2.8798295507302503e-07,0.0001545101057900947,394.17213486762734,0.11067430024555573,186.24294685854804,7.468700695243212e-05,7.468698871000236e-05,4999.997650408852,0.2178388864491477,1.125269144659359e-06,0.010744700477195486,0.0,9.170589751355744e-06,9.170589751355744e-06,0.2999972488230746,0.17999834929384476,0.999968462493392,0.9999724884830443,0.9999842311223672,7.142857142857143,0.075,21.0
6.777195684040616,0.0003719952234723744,0.0024224054158718256,656.1919396995974,0.037070474749904186,309.97809990602406,7.187942149855497e-05,7.187939450198289e-05,4999.994836019068,0.789713657344428,6.678094714738867e-05,0.06496870940234253,0.0,9.594699580099237e-05,9.594699580099237e-05,0.2999712159012597,0.1799827295407558,0.999670077011792,0.9997121866291919,0.9998350248975038,14.285714285714286,0.075,21.0
8.62415042097526,0.0007077585910690123,0.002433145612686534,826.2470893609748,0.021086472293857877,393.0208595273164,4.285375848256772e-05,4.2853742214600325e-05,4999.996495106031,0.5248459958373553,8.498041967572365e-05,0.043917758142652065,0.0,0.00010436426052471766,0.00010436426052471766,0.29996869072184257,0.17998121443310555,0.9996411373550339,0.9996869398929857,0.9998205525768281,21.42857142857143,0.075,21.0
1.4666514702394318,8.499673931890229e-05,0.0005210345782315418,882.5604601090665,0.02353434855859477,425.50595105240575,3.204725987596728e-05,3.204724770373682e-05,4999.998467131569,0.17114165402305548,1.4452050506427858e-05,0.01398213894850274,0.0,2.077272859205153e-05,2.077272859205153e-05,0.29999376818142237,0.17999626090885343,0.9999285640049165,0.9999376831087338,0.9999642813645477,28.571428571428573,0.075,21.0
0.04543770479035636,2.0742063395481394e-06,1.8785965821242068e-05,933.0945769758039,0.027175659746531366,454.83213003646176,1.0689636072783756e-05,1.0689632012549038e-05,4999.9991929377675,0.013143028503588478,4.4773282395386437e-07,0.0006202595635617236,0.0,9.33136875443093e-07,9.33136875443093e-07,0.2999997200589374,0.1799998320353624,0.9999967909234111,0.9999972005919859,0.9999983954604182,35.714285714285715,0.075,21.0
8.108992733421044,0.0007564318317742403,0.002090787373708758,1006.6228521927761,0.01475308750488463,493.63351304158357,3.0055337088813893e-05,3.0055325672899394e-05,4999.997458542857,0.3611279804222344,7.990417281654779e-05,0.031238718304359987,0.0,9.324150863341942e-05,9.324150863341942e-05,0.29997202754741,0.17998321652844598,0.9996793789646796,0.9997203015552258,0.9998396766305484,42.85714285714286,0.075,21.0
5.399052859661906,0.0004247284913011568,0.0015731646806584282,999.9508358099005,0.0202212211205041,496.41734342871183,4.040417171858067e-05,4.0404156371869434e-05,4999.997480195394,0.34724606927055723,5.3201040736670745e-05,0.030129780868099764,0.0,6.602568376636644e-05,6.602568376636644e-05,0.2999801922948701,0.17998811537692205,0.9997729555123304,0.9998019360265858,0.9998864713117837,50.0,0.075,21.0
0.0003286658078554905,7.021550612948879e-09,2.0287814802372453e-07,959.8140346711989,0.04914443224280512,483.70858514445524,8.52490809976921e-06,8.52490486175449e-06,4999.99914271632,0.001301755692162396,3.2385982295357537e-09,9.733588236337754e-06,0.0,5.1315606268609005e-08,5.1315606268609005e-08,0.29999998460531807,0.17999999076319087,0.9999998235243904,0.9999998460531889,0.9999999117621913,57.142857142857146,0.075,21.0
5.781445338069577e-14,8.697898009263825e-19,4.1858971340237076e-17,970.6937127188479,0.058220548895882594,492.54628241060664,8.688292330101588e-06,8.68828903002865e-06,4999.999098899457,0.0006346867706400785,5.696904937632663e-19,2.2241452950146386e-15,0.0,2.3440528171926327e-08,2.3440528171926327e-08,0.2999999929678415,0.1799999957807049,0.9999999193874545,0.9999999296784171,0.9999999596937265,64.28571428571429,0.075,21.0
4.630622800724264e-13,7.25057360804583e-18,3.3975691277197635e-16,1039.5657836148876,0.05719405985308138,525.8905889997965,8.240852773738678e-06,8.240849643616653e-06,4999.999192265059,0.0006006621662549014,4.562910544886096e-18,1.8256587901539672e-14,0.0,2.218391667162479e-08,2.218391667162479e-08,0.29999999334482497,0.17999999600689498,0.9999999237089717,0.9999999334482513,0.9999999618544851,71.42857142857143,0.075,21.0
0.0010330375515365529,2.500756961448872e-08,6.388733421832168e-07,1167.5326767747645,0.0460313570952085,584.2626856996794,8.255953372413558e-06,8.255950236555875e-06,4999.9993489730905,0.0013623487109067287,1.017931742665863e-08,3.103065442455587e-05,0.0,6.049417321767364e-08,6.049417321767364e-08,0.29999998185174803,0.1799999891110488,0.9999997919590795,0.9999998185174913,0.9999998959795343,78.57142857142857,0.075,21.0
8.906659459427688,0.0008496019290695621,0.002292887556614533,1350.0619853429014,0.016274974935565737,665.9005532181241,3.1809309482307626e-05,3.1809297400181786e-05,4999.997223967932,0.4102861406762911,8.776419958191391e-05,0.035699128274815625,0.0,0.00010291706597794856,0.00010291706597794856,0.2999691248802066,0.17998147492812397,0.9996461129541242,0.9996912805767434,0.9998230408197863,85.71428571428572,0.075,21.0
2320.790979594633,0.381212156231812,0.3385943109028247,1487.5826967798175,0.009179116360240276,727.2654903717745,1.6763396174116847e-05,1.6763389806878276e-05,4999.992866686049,1.1209163183792836,0.02286854725375759,0.09755745472684353,0.0,0.022909945423302238,0.022909945423302238,0.2931270163730093,0.17587620982380558,0.923520586180603,0.9328327358857548,0.9609997846933177,92.85714285714286,0.075,21.0
13.69764958953547,0.001339151119266046,0.003433298189284119,1447.7562097517791,0.02012178786859338,710.0775928565938,7.0328642782005675e-06,7.03286160690865e-06,4999.996190004296,0.5675908121465928,0.0001349735282745804,0.04945480600562792,0.0,0.00015593603929164122,0.00015593603929164122,0.2999532191882125,0.1799719315129275,0.999463840636179,0.9995322648264784,0.9997318843750953,100.0,0.075,21.0
1.4786807536750382e-07,2.1134525199879548e-13,1.1176628451742814e-10,131.32761123903285,0.20568748876779305,62.06893226963006,0.000938018475869747,0.0009380184542370524,4999.99410914279,0.21529876066600503,1.4570584333512823e-12,5.975756769133228e-09,0.0,7.951509032299165e-06,7.951509032299165e-06,0.2999976145472903,0.1799985687283742,0.9999726548485909,0.999976145662582,0.9999863273308245,0.0,0.15,21.0
3.0386636492021406,2.5082055635261004e-05,0.002282758092190675,394.17220010565023,0.11063756303696574,186.24289880582685,7.486233970273543e-05,7.486232139371026e-05,4999.98969976444,1.5346397688276459,2.9942301508855384e-05,0.125689505895686,0.0,8.662028567072835e-05,8.662028567072835e-05,0.2999740139142988,0.17998440834857926,0.9997021441990129,0.9997401616515595,0.9998510610080948,7.142857142857143,0.15,21.0
180.334489325652,0.023899953872334734,0.03350378870870483,656.2094466399893,0.03689745272341515,309.9855126609017,7.227348079194932e-05,7.227345364569451e-05,4999.98883981386,1.7358692482603795,0.0017769751032668565,0.14735883741719605,0.0,0.0018410849821833553,0.0018410849821833553,0.299447674505345,0.179668604703207,0.9936835695370637,0.9944869075946543,0.996836781793822,14.285714285714286,0.15,21.0
229.48013227603374,0.033102557438877245,0.039066450432225584,826.2698260562508,0.020977361386375546,393.0307236965482,4.306996002839609e-05,4.306994367830839e-05,4999.992130603559,1.222546970042698,0.0022612451077647787,0.10469989837187882,0.0,0.0023063967447891206,0.0023063967447891206,0.29930808097656325,0.17958484858593796,0.9920919445910277,0.9930967558946667,0.9960381240650519,21.42857142857143,0.15,21.0
39.02614831193023,0.004350757501090893,0.00852594265960228,882.5643279324122,0.023499761464505657,425.5076049665937,3.2200674864053885e-05,3.220066263355182e-05,4999.994261107757,0.8626051591304493,0.0003845548025007474,0.07432883931014199,0.0,0.0004164129118370475,0.0004164129118370475,0.29987507612644887,0.17992504567586934,0.9985687192834946,0.9987512813914224,0.9992841033877675,28.571428571428573,0.15,21.0
1.2090524859411131,6.312063562865953e-05,0.0004586537517660616,933.0946416853948,0.027173179719808965,454.8321492131913,1.0689697865698245e-05,1.0689693805440058e-05,4999.998459547186,0.16038468129639538,1.1913728616717954e-05,0.013517255573093979,0.0,1.7837125501752713e-05,1.7837125501752713e-05,0.29999464886234944,0.17999678931740967,0.9999386591098577,0.9999464895779783,0.9999693290845764,35.714285714285715,0.15,21.0
215.77229457465634,0.03166670978857486,0.03602093736166557,1006.6441159907405,0.014680976641848127,493.6427884046581,3.0203707160842388e-05,3.02036956885725e-05,4999.993859702808,0.9464692052654553,0.0021261711881498725,0.08225323665635835,0.0,0.0021611266009544786,0.0021611266009544786,0.29935166201971364,0.1796109972118282,0.9925886426402385,0.9935306215082196,0.9962874297311185,42.85714285714286,0.15,21.0
143.66346873856878,0.01995390766062056,0.025466643431745133,999.964920887047,0.02014183214878589,496.4234342554407,4.063092878106282e-05,4.063091334822248e-05,4999.993384375157,1.0097576844555107,0.0014156271945095604,0.08786126748251347,0.0,0.001452920004984959,0.001452920004984959,0.2995641239985045,0.1797384743991027,0.9950127824999974,0.9956475698475876,0.9975032744307145,50.0,0.15,21.0
0.008745472815252358,1.8737497783912112e-07,5.3890198535650204e-06,959.8140151209851,0.049144346768617474,483.7085794510302,8.538723618664768e-06,8.538720375402502e-06,4999.9991371406995,0.004129694431150705,8.617590299622003e-08,0.0002582250158673017,0.0,2.3869557589700877e-07,2.3869557589700877e-07,0.2999999283913272,0.17999995703479632,0.9999991791203467,0.9999992839134434,0.9999995895600892,57.142857142857146,0.15,21.0
1.5383855523902397e-12,2.31442482961967e-17,1.1138259199795852e-15,970.6937127135121,0.058220548870343024,492.5462824095047,8.68829484136133e-06,8.688291541287438e-06,4999.999098899452,0.0006346867716285698,1.515890186089859e-17,5.918231145059693e-14,0.0,2.3440528223022928e-08,2.3440528223022928e-08,0.2999999929678415,0.1799999957807049,0.9999999193874545,0.9999999296784171,0.9999999596937265,64.28571428571429,0.15,21.0
1.2321630313593994e-11,1.929306090079088e-16,9.04059616098336e-15,1039.5657835407806,0.05719405978281638,525.8905889661884,8.240852782513355e-06,8.240849652391325e-06,4999.9991922650515,0.0006006621716556327,1.2141454682789845e-16,4.857897873328601e-13,0.0,2.2183916987938587e-08,2.2183916987938587e-08,0.29999999334482486,0.17999999600689492,0.9999999237089707,0.9999999334482503,0.9999999618544846,71.42857142857143,0.15,21.0
0.027487867567815516,6.7149445341228e-07,1.6900666165585183e-05,1167.5325466057755,0.04603112228025996,584.2626269383874,8.255979913039997e-06,8.25597677717223e-06,4999.999340637211,0.010387307866849457,2.708592044292661e-07,0.0008175022749203815,0.0,6.544877814545705e-07,6.544877814545705e-07,0.2999998036536656,0.17999988219219934,0.9999977492024679,0.9999980365379408,0.9999988746006007,78.57142857142857,0.15,21.0
177.47316145914996,0.02580428862342197,0.03002722290147769,1350.079638369421,0.016201722783441605,665.9082317092267,3.198998808808921e-05,3.198997593733625e-05,4999.993849916588,0.9466116538644935,0.001748780228287163,0.0824346264904927,0.0,0.0017837409020654545,0.0017837409020654545,0.29946487772938035,0.17967892663762822,0.9938798513996299,0.9946583168132359,0.9969352292900627,85.71428571428572,0.15,21.0
419.36633683445183,0.06547454530975873,0.06520106709426791,1487.5280118894536,0.009237666170284797,727.2413834725393,1.682603155208592e-05,1.6826025161056565e-05,4999.994346153435,0.8819220590065531,0.004132340643709723,0.07681461212932565,0.0,0.004164912173203296,0.004164912173203296,0.298750526348039,0.1792503158088234,0.9857539576034721,0.9875572307140001,0.992851427759195,92.85714285714286,0.15,21.0
2.455853421872867,0.000176892810392645,0.0007884736597973689,1447.7559767726877,0.02012568791152884,710.0774962830602,7.028527879516711e-06,7.028525209871888e-06,4999.998316622486,0.21755504094232805,2.4199421886848078e-05,0.018888803559380402,0.0,3.2234259387693355e-05,3.2234259387693355e-05,0.2999903297221837,0.17999419783331022,0.9998891502315164,0.9999033003389458,0.9999445735797141,100.0,0.15,21.0
8.247419038695401e-07,1.1787891835892811e-12,6.233822607006431e-10,131.32760496571746,0.20568747987453548,62.068929281919026,0.0009380185589042895,0.000938018537271571,4999.994110067067,0.21530273992490376,8.12681941916578e-12,3.333009321133033e-08,0.0,7.951662665782465e-06,7.951662665782465e-06,0.29999761450120027,0.17999856870072015,0.9999726543202521,0.999976145201689,0.9999863270666515,0.0,0.22499999999999998,21.0
16.94830501467956,0.0005704411104988605,0.00691957801184837,394.1722900136918,0.110594902794362,186.2428484877567,7.510492947808595e-05,7.510491107692036e-05,4999.983792542199,2.4968884399708786,0.00016700474859954471,0.20932444389324492,0.0,0.0002592209196705858,0.0002592209196705858,0.2999222337240988,0.17995334023445927,0.9991088326875367,0.9992225388100254,0.9995543170271122,7.142857142857143,0.22499999999999998,21.0
1005.8250213248023,0.15569842358107322,0.1579023700569268,656.232617609924,0.03671431002849974,309.99541215078045,7.249416759250433e-05,7.249414036241654e-05,4999.98501902811,2.35233565921838,0.009911171334006147,0.20100732428727663,0.0,0.009998048818836636,0.009998048818836636,0.29700058535434903,0.1782003512126094,0.9660596738187064,0.9703047370692819,0.9828833470044684,14.285714285714286,0.22499999999999998,21.0
1279.9374085527518,0.2044587806334918,0.1933954196137922,826.2999506647101,0.02086100216353682,393.04384789785695,4.316413626512468e-05,4.3164119879265364e-05,4999.989504200946,1.6476687846436044,0.01261221254593696,0.14168774880886534,0.0,0.012673064966926535,0.012673064966926535,0.296198080509922,0.17771884830595322,0.9571279286590466,0.9624605894486208,0.9783291514919948,21.42857142857143,0.22499999999999998,21.0
217.67037800067442,0.0309563453196326,0.03751424132981424,882.5694094495076,0.023457745744452783,425.50978453428985,3.2394780844120186e-05,3.239476853989086e-05,4999.992421921827,1.165480476351498,0.0021448744711689456,0.10068356194159377,0.0,0.002187918503600143,0.002187918503600143,0.29934362444891993,0.17960617466935197,0.9924970234386757,0.9934505949777965,0.9962414483641382,28.571428571428573,0.22499999999999998,21.0
6.743553310307041,0.0004848112969350131,0.002067258702596692,933.0947246032571,0.027170048435026777,454.8321737310097,1.0689752303494969e-05,1.0689748243216104e-05,4999.996430295857,0.49684826420665573,6.644944283690956e-05,0.0429280129053439,0.0,8.479925927042437e-05,8.479925927042437e-05,0.29997456022221886,0.17998473613333132,0.9997084053605906,0.9997456237943221,0.9998541920503162,35.714285714285715,0.22499999999999998,21.0
1203.4812287068742,0.19339405527911444,0.1804477659471136,1006.6722644119318,0.014602124564364318,493.65509945257344,3.0281498846510642e-05,3.028148734469315e-05,4999.991928852835,1.2633579610636663,0.011858830713182224,0.10983398423347233,0.0,0.011905489599497051,0.011905489599497051,0.29642835312015087,0.17785701187209052,0.9596844323559852,0.9647070657570976,0.9796348464381947,42.85714285714286,0.22499999999999998,21.0
801.2904910642106,0.12599614582220955,0.12339680563006859,999.9835134507829,0.02005204515193837,496.43150338267304,4.081767332403225e-05,4.081765782026075e-05,4999.991266313435,1.3635181170036152,0.007895734523274203,0.11868030855364906,0.0,0.007946092568080376,0.007946092568080376,0.29761617222957587,0.17856970333774552,0.9729535055883937,0.9763506417376998,0.9863840558263265,50.0,0.22499999999999998,21.0
0.04877833083283312,1.059305771895166e-06,2.981382626460623e-05,959.8139884116919,0.04914424135478554,483.7085714911175,8.547910139371273e-06,8.54790689261969e-06,4999.999126942502,0.017466134911513716,4.806505943094077e-07,0.0014200821431736052,0.0,1.1257174940419474e-06,1.1257174940419474e-06,0.2999996622847518,0.17999979737085106,0.9999961286357353,0.9999966228513197,0.9999980643159943,57.142857142857146,0.22499999999999998,21.0
8.580425668017709e-12,1.290882522661071e-16,6.212422168919259e-15,970.6937127080226,0.05822054884381392,492.5462824084954,8.688297350737786e-06,8.688294050662941e-06,4999.999098899443,0.0006346867726265526,8.4549565890113e-17,3.300924291563562e-13,0.0,2.344052832927152e-08,2.344052832927152e-08,0.2999999929678415,0.17999999578070489,0.9999999193874538,0.9999999296784168,0.9999999596937261,64.28571428571429,0.22499999999999998,21.0
6.87245358292265e-11,1.0760805377463924e-15,5.0424396635567806e-14,1039.5657834539397,0.057194059709413915,525.8905889267857,8.240852790693548e-06,8.240849660571519e-06,4999.999192265043,0.0006006621772802558,6.771959684959434e-16,2.7095178754603534e-12,0.0,2.2183917751451038e-08,2.2183917751451038e-08,0.2999999933448247,0.17999999600689479,0.9999999237089677,0.9999999334482483,0.9999999618544831,71.42857142857143,0.22499999999999998,21.0
0.15331500615380053,3.903393966859394e-06,9.180070616635984e-05,1167.5323743284853,0.046030821699566744,584.2625491957267,8.255996463830666e-06,8.255993327956613e-06,4999.999166037316,0.050792944795127755,1.5107312523037886e-06,0.00435631886783924,0.0,3.3866384059626345e-06,3.3866384059626345e-06,0.2999989840084782,0.17999939040508692,0.9999883533190931,0.9999898401191901,0.9999941766425908,78.57142857142857,0.22499999999999998,21.0
987.6288198330623,0.1579334423826268,0.14907774293168402,1350.102825834277,0.016120158295107267,665.9183454750356,3.210732924437069e-05,3.210731704904804e-05,4999.991874472738,1.2720869158477537,0.009731870096922775,0.11077647750676857,0.0,0.009778851364796488,0.009778851364796488,0.297066344590561,0.17823980675433662,0.9667943365848806,0.9709493885958594,0.9832570043406152,85.71428571428572,0.22499999999999998,21.0
34.00695176836941,0.004351071961522561,0.0066729914209821065,1487.4872753902955,0.009297216187005514,727.223457496978,1.677797245304904e-05,1.6777966080273964e-05,4999.996489156586,0.5318947924236194,0.00033509677963633054,0.046323518208221864,0.0,0.00035474094971006616,0.00035474094971006616,0.29989357771508696,0.1799361466290522,0.9987805985536701,0.9989361546296529,0.9993901132959392,92.85714285714286,0.22499999999999998,21.0
0.09229502359129359,5.614416075611477e-06,3.363801155980597e-05,1447.7557963870781,0.020128795691279712,710.0774217062789,7.025642582936773e-06,7.025639914387873e-06,4999.999483735983,0.013223715513442195,9.094542019690391e-07,0.000978031614734803,0.0,1.3978382212392743e-06,1.3978382212392743e-06,0.2999995806485336,0.17999974838912017,0.9999951928089812,0.999995806491198,0.9999975964016019,100.0,0.22499999999999998,21.0
9.642209731428262e-07,1.3781441860426174e-12,7.288076874802856e-10,131.32760149620515,0.20568747427279385,62.06892762804386,0.0009380186090508623,0.0009380185874181289,4999.994112723249,0.21531238881031825,9.501214491635239e-12,3.8966825683434755e-08,0.0,7.952020397015024e-06,7.952020397015024e-06,0.2999976143938809,0.17999856863632854,0.9999726530900316,0.9999761441285122,0.9999863264515328,0.0,0.3,21.0
19.814576023969217,0.0007454212245695312,0.007698241290416251,394.1723424658386,0.11057154789169073,186.24282225877474,7.523967012408189e-05,7.523965167173927e-05,4999.983338605714,2.5701376358720927,0.0001952483321856308,0.21569097344505975,0.0,0.00029016977445417934,0.00029016977445417934,0.29991294906766375,0.17994776944059823,0.9990024746626511,0.9991297432476997,0.9995011128871499,7.142857142857143,0.3,21.0
1175.928586049683,0.18358174680179346,0.1827424655515704,656.2459103737458,0.036618621367308195,310.0011095337612,7.258378647574924e-05,7.258375921161605e-05,4999.984693579266,2.4045645289121698,0.011587333229732917,0.2055358615468214,0.0,0.011676139653920658,0.011676139653920658,0.29649715810382377,0.17789829486229428,0.9604493075944334,0.9653789859156505,0.9800251566130501,14.285714285714286,0.3,21.0
1496.3984342814497,0.240339986811832,0.22457621724810364,826.3172612451918,0.020800404387882228,393.05140154744595,4.3193789968981165e-05,4.3193773571858105e-05,4999.989295166817,1.6813934698274875,0.014745170334465426,0.1446092409935623,0.0,0.01480726829021276,0.01480726829021276,0.2955578195129362,0.1773346917077617,0.9500466592956734,0.956232714141532,0.9747033699006449,21.42857142857143,0.3,21.0
254.48245410527463,0.036718758784497665,0.043178329363820316,882.5723069730444,0.023434738588177375,425.5110291874175,3.249837666592503e-05,3.249836432234692e-05,4999.992247979361,1.1949943396823859,0.0025076123089616546,0.10325832982670397,0.0,0.0025517463602444434,0.0025517463602444434,0.29923447609192666,0.179540685655156,0.9912534871641637,0.9923642785322622,0.9956171388461348,28.571428571428573,0.3,21.0
7.884012567807391,0.0005890250187371231,0.0023526311323151376,933.0947722689051,0.027168303696652258,454.8321879671554,1.0689784946935472e-05,1.0689780886644208e-05,4999.9961942332575,0.5360701679163582,7.768726935831774e-05,0.04634860355220492,0.0,9.748564621781138e-05,9.748564621781138e-05,0.2999707543061346,0.17998245258368079,0.9996647868832538,0.9997075715707737,0.999832379393293,35.714285714285715,0.3,21.0
1407.0121040999468,0.22720080746608035,0.20969183788582232,1006.6884285655276,0.014560946883639974,493.66217688318716,3.0307936476709655e-05,3.0307924964850362e-05,4999.991769283277,1.2890820309500173,0.013864377736782908,0.1120634992364498,0.0,0.013911986675647664,0.013911986675647664,0.2958264039973057,0.17749584239838342,0.9530123746434904,0.9588419775200173,0.976223526987283,42.85714285714286,0.3,21.0
936.803493843389,0.1483315737934184,0.14305594982251088,999.9941599823535,0.020004572280783867,496.436131538478,4.0901745062923514e-05,4.090172952721906e-05,4999.9910608791315,1.3964606459330557,0.009231048877217169,0.12154056577000444,0.0,0.009282623569845744,0.009282623569845744,0.29721521292904624,0.17832912775742776,0.968459050300849,0.9724098307347245,0.9841031705572587,50.0,0.3,21.0
0.057027646350024754,1.2418633270178995e-06,3.479825783524883e-05,959.8139734742063,0.04914418049995271,483.70856707329483,8.552497857351347e-06,8.552494608857212e-06,4999.999120187502,0.02015966935159968,5.619374759694681e-07,0.0016554743373421207,0.0,1.3064831624737568e-06,1.3064831624737568e-06,0.29999960805505127,0.17999976483303073,0.9999955069801542,0.9999960805556334,0.9999977534875537,57.142857142857146,0.3,21.0
1.0031533924465792e-11,1.509194569656048e-16,7.263057351428721e-15,970.6937127045337,0.05822054882725988,492.5462824078122,8.688298855328118e-06,8.688295555252702e-06,4999.999098899441,0.0006346867732459315,9.884845709775475e-17,3.8591714772767004e-13,0.0,2.3440528366445584e-08,2.3440528366445584e-08,0.29999999296784147,0.17999999578070489,0.9999999193874538,0.9999999296784164,0.9999999596937261,64.28571428571429,0.3,21.0
8.034712254238476e-11,1.2580656075606856e-15,5.895209220528994e-14,1039.5657834022468,0.057194059663520876,525.8905889033368,8.240852795542551e-06,8.24084966542052e-06,4999.999192265035,0.0006006621809440983,7.917222984402154e-16,3.1677473251707786e-12,0.0,2.2183918001291996e-08,2.2183918001291996e-08,0.2999999933448246,0.17999999600689476,0.9999999237089674,0.9999999334482473,0.9999999618544829,71.42857142857143,0.3,21.0
0.1792434016972783,4.6009296428561386e-06,0.00010676800406828826,1167.532276589175,0.04603065054471504,584.2625050865455,8.256005673896486e-06,8.256002538018934e-06,4999.999120620915,0.05867062594394155,1.7662237735664064e-06,0.005047101812015361,0.0,3.933072877547471e-06,3.933072877547471e-06,0.2999988200781367,0.17999929204688203,0.9999864741354626,0.9999882008277746,0.9999932370448625,78.57142857142857,0.3,21.0
1154.6374493926787,0.18561989634234247,0.1731342013515452,1350.1161063285315,0.01607739402964952,665.9241456026529,3.215411788454466e-05,3.2154105671450286e-05,4999.99170197877,1.299844615169894,0.011377535204401145,0.11318316277811512,0.0,0.011425541631712601,0.011425541631712601,0.29657233751048623,0.17794340250629173,0.9612855694925843,0.9661135125850969,0.9804517170634076,85.71428571428572,0.3,21.0
21.600372043556476,0.002610442922404416,0.004503134668261954,1487.4668516734002,0.009327717442052465,727.2144717847514,1.6748219494855173e-05,1.6748213133381152e-05,4999.996989140916,0.4567522873837526,0.00021284516060257133,0.039758251557820465,0.0,0.00022971413496129786,0.00022971413496129786,0.2999310857595116,0.17995865145570697,0.9992102428871268,0.9993110158887458,0.9996050434482245,92.85714285714286,0.3,21.0
0.0007281959681569729,4.3900147649424495e-08,2.671693705630844e-07,1447.7557043666902,0.02013036673851519,710.077383641252,7.024200907654317e-06,7.0241982396530096e-06,4999.999495548879,0.0020894345913512716,7.175477694549742e-09,7.839778941416262e-06,0.0,8.434338581304258e-08,8.434338581304258e-08,0.29999997469698425,0.17999998481819054,0.9999997099410708,0.9999997469698638,0.9999998549705249,100.0,0.3,21.0
2.954621893157051e-11,8.918921584625198e-18,4.728389707678858e-14,127.68475063603438,0.20520455875180885,60.18298672214846,0.000939767033725666,0.0009397670114277882,4999.992924535767,0.28776931669918665,4.936078572487892e-16,3.243170205024637e-12,0.0,1.0628021706596865e-05,1.0628021706596865e-05,0.299996811593488,0.17999808695609282,0.999963450478091,0.9999681162737436,0.999981725072059,0.0,0.0,28.0
0.0006071697438111241,3.8356600895295893e-10,2.277721797811212e-06,381.6869316226721,0.10893758229094191,180.00069297399108,7.703189278919397e-05,7.70318736559749e-05,4999.997628841104,0.1287152165454982,1.0143557012253428e-08,0.00018565083904856136,0.0,4.763909980210639e-06,4.763909980210639e-06,0.29999857082700593,0.17999914249620355,0.9999836168986407,0.9999857083381439,0.9999918084157693,7.142857142857143,0.0,28.0
0.03603348653376532,6.154379614894169e-07,3.60681609616673e-05,631.239883260111,0.036049525047165625,298.05383895561863,6.917033746941354e-05,6.917031150168105e-05,4999.9987944000895,0.08522325965114881,6.019860652332015e-07,0.0020559401572362974,0.0,3.7494885989522296e-06,3.7494885989522296e-06,0.29999887515342033,0.1799993250920522,0.9999871054799818,0.9999887515763791,0.9999935527192072,14.285714285714286,0.0,28.0
0.04585350970330882,2.0321838204767897e-06,2.915094866624024e-05,812.6485863012947,0.020325679768689715,386.2914564798906,4.026310266652973e-05,4.026308738255622e-05,4999.999127998352,0.04350585033837226,7.660422717508091e-07,0.0011468676030420284,0.0,2.372819279954363e-06,2.372819279954363e-06,0.299999288154216,0.1799995728925296,0.999991839841743,0.999992881559051,0.999995919912548,21.42857142857143,0.0,28.0
0.0077979991233027264,3.1684396040608357e-07,5.1854304393450375e-06,909.2888398246397,0.022642041967841968,437.1468499176961,3.198103860274314e-05,3.198102645566484e-05,4999.999096577558,0.017863145281867786,1.3027567578092182e-07,0.00021249437467078263,0.0,7.900051353793621e-07,7.900051353793621e-07,0.2999997629984594,0.17999985779907562,0.9999972831558555,0.999997629986466,0.999998641577005,28.571428571428573,0.0,28.0
0.00024158649093519429,8.42437300822904e-09,1.7608452085679925e-07,993.8287951375953,0.026253208979151562,482.4027997551859,1.0100733700265761e-05,1.0100729863713732e-05,4999.999099642611,0.00827629111518596,4.036015248074806e-09,7.877080012514944e-06,0.0,3.0969960241283704e-07,3.0969960241283704e-07,0.29999990709011926,0.17999994425407156,0.9999989349359419,0.9999990709014805,0.9999994674678292,35.714285714285715,0.0,28.0
0.04311448187193563,2.7377049532688403e-06,2.265106502065061e-05,1086.8371269827496,0.013989047005576918,530.9462499588914,2.7368621657482483e-05,2.7368611262062776e-05,4999.999305846681,0.013829280949090398,7.202832640781069e-07,0.0006991816025656815,0.0,1.2310322896956405e-06,1.2310322896956405e-06,0.2999996306903131,0.17999977841418785,0.9999957664566921,0.9999963069076774,0.9999978832261057,42.85714285714286,0.0,28.0
0.028706076610985492,1.4239659198613086e-06,1.735633000124927e-05,1119.7286692904966,0.019218187828209936,552.343389076892,3.78493587410032e-05,3.784934436468626e-05,4999.999238743499,0.011494812920533108,4.795721915817745e-07,0.0006408847159012223,0.0,9.041036274843963e-07,9.041036274843963e-07,0.29999972876891173,0.17999983726134705,0.9999968907692213,0.9999972876915697,0.9999984453834022,50.0,0.0,28.0
1.7474742524195502e-06,2.084502080237746e-11,2.2707089122873908e-09,1125.1209811049087,0.04811308361752583,560.7001275377027,8.681023266468254e-06,8.681019969156329e-06,4999.999059538714,0.0017245838419447364,2.919382081788427e-11,1.4434164464492082e-07,0.0,6.372227519732661e-08,6.372227519732661e-08,0.2999999808833174,0.17999998852999047,0.9999997808575599,0.9999998088331865,0.9999998904287739,57.142857142857146,0.0,28.0
3.073920872988942e-16,2.243631136772089e-21,5.125536109155127e-19,1161.1757854821692,0.05716130541064817,581.3682220561285,7.520712953410512e-06,7.520710096819099e-06,4999.999000713456,0.0008952756072741083,5.135382970601106e-21,3.546571913903836e-17,0.0,3.306470855265567e-08,3.306470855265567e-08,0.2999999900805874,0.17999999404835246,0.9999998862896659,0.9999999008058778,0.9999999431448313,64.28571428571429,0.0,28.0
2.4620432756902764e-15,1.9007817488498757e-20,4.1489914294393275e-18,1233.1844959366904,0.0560851161131856,616.5640071543272,7.127881925699153e-06,7.127879218316699e-06,4999.999099347758,0.0008471243463317267,4.113162190336064e-20,2.884554043254059e-16,0.0,3.1286365217335936e-08,3.1286365217335936e-08,0.29999999061409044,0.17999999436845426,0.9999998924054315,0.9999999061409074,0.9999999462027143,71.42857142857143,0.0,28.0
5.4997134820543215e-06,7.805429212871021e-11,7.0709240675629005e-09,1341.7119601731365,0.04485249599168427,666.6043821189041,7.357069204166445e-06,7.357066409731814e-06,4999.99929122562,0.0014548006033454118,9.187983726941161e-11,4.4972427722166544e-07,0.0,5.382120917563543e-08,5.382120917563543e-08,0.29999998385363724,0.17999999031218233,0.9999998149075614,0.9999998385363812,0.9999999074537764,78.57142857142857,0.0,28.0
1.8125554490694862,0.00013571940739104353,0.0008799659059357631,1483.0855242961752,0.015417337927620563,730.151762934774,2.9224664983348158e-05,2.9224653882947496e-05,4999.9979327033125,0.2838477790141968,3.0281086504906767e-05,0.024590352481013142,0.0,4.0764276273694966e-05,4.0764276273694966e-05,0.2999877707171179,0.17999266243027073,0.9998598180734627,0.99987771215629,0.9999299065801875,85.71428571428572,0.0,28.0
1831.224920448573,0.3321147865000538,0.43683465284711964,1589.1685984243682,0.008625648928147316,777.5863170009474,1.5902776961015688e-05,1.590277092066601e-05,4999.990624089765,1.4734413234735553,0.03059298420608957,0.12822171365096724,0.0,0.03064740198262033,0.03064740198262033,0.2908057794052139,0.17448346764312833,0.8987139652245634,0.9108467978186544,0.9480052559055585,92.85714285714286,0.0,28.0
10.808731319076301,0.001104017948656565,0.004171594470577922,1569.0383451362277,0.019321266437174116,769.0080885000613,6.849963728653592e-06,6.84996112683277e-06,4999.99450276219,0.8344100647594045,0.0001805738567883631,0.07269761007840368,0.0,0.00021139065262252107,0.00021139065262252107,0.2999365828042132,0.17996194968252793,0.9992732217358131,0.9993659620907102,0.999636544818072,100.0,0.0,28.0
3.750730052663154e-09,1.1322080667105935e-15,6.002430641626091e-12,127.68474732183222,0.2052045532840995,60.18298514491706,0.0009397670685885457,0.0009397670462906589,4999.992924746582,0.28776987360632666,6.266080369544235e-14,4.117026151229457e-10,0.0,1.0628042336701047e-05,1.0628042336701047e-05,0.299996811587299,0.1799980869523794,0.9999634504071451,0.9999681162118547,0.9999817250365854,0.0,0.075,28.0
0.07707686084823459,5.485110844977773e-08,0.0002693393769268333,381.68690374285023,0.10891747298955161,180.00063842713632,7.712601708046091e-05,7.712599791149093e-05,4999.9965324371815,0.37618851052315805,1.287668794943781e-06,0.021821565685377513,0.0,1.5181226667224321e-05,1.5181226667224321e-05,0.2999954456319998,0.17999726737919988,0.9999477924194777,0.9999544570114037,0.9999738958690261,7.142857142857143,0.075,28.0
4.574253008733102,0.0002222645594073694,0.0026174524531306616,631.2457599543234,0.03595876553925541,298.0562623423506,6.936247355883154e-05,6.936244751811584e-05,4999.992918456233,1.0911466885080376,7.641882135185927e-05,0.08995466676083254,0.0,0.00011671752596368035,0.00011671752596368035,0.2999649847422109,0.17997899084532654,0.9995986663577012,0.9996498882894617,0.9997993130412229,14.285714285714286,0.075,28.0
5.820850961085615,0.00046024759015611826,0.0026032279184036136,812.6563255813599,0.020269022933839722,386.29477739545473,4.0361475732471864e-05,4.0361460411133035e-05,4999.99520771039,0.7260262420009568,9.724485481274087e-05,0.06084967256466986,0.0,0.00012405877211182779,0.00012405877211182779,0.29996278236836643,0.17997766942101986,0.9995734275186196,0.999627869853492,0.9997866910089469,21.42857142857143,0.075,28.0
0.9899131164685122,4.9239232329435306e-05,0.0005834928054115511,909.2901856329679,0.02262398829382762,437.14741580487276,3.205881310316123e-05,3.205880092654184e-05,4999.997894533262,0.2535528693309292,1.6537780804175582e-05,0.020860420504486766,0.0,2.5902105777399854e-05,2.5902105777399854e-05,0.2999922293682668,0.17999533762096007,0.9999109250198174,0.9999222956954078,0.9999554615180705,28.571428571428573,0.075,28.0
0.030668076817769774,1.0800943103443904e-06,2.2220230073092675e-05,993.828795946152,0.02625188199569092,482.40279433743507,1.0101314927590511e-05,1.0101311090817715e-05,4999.999071320464,0.01947176622124852,5.123499463339271e-07,0.0009887375636399652,0.0,1.2314896948983103e-06,1.2314896948983103e-06,0.29999963055309153,0.1799997783318549,0.999995764883669,0.999996305535465,0.9999978824395925,35.714285714285715,0.075,28.0
5.473146436658758,0.0005038874289000425,0.002245394411225957,1086.844327990186,0.013951851317395623,530.9493652807961,2.7435210548503932e-05,2.7435200127791777e-05,4999.996490844868,0.5103604768837116,9.143600036488226e-05,0.04417481733133041,0.0,0.00011028485572053258,0.00011028485572053258,0.29996691454328384,0.1799801487259703,0.9996207819532432,0.9996691819197453,0.9998103729974216,42.85714285714286,0.075,28.0
3.6440786040418987,0.0002706221555492358,0.0017095012273848997,1119.7334620440204,0.019176636532225195,552.3454355837287,3.795643833014472e-05,3.7956423913155745e-05,4999.996475536331,0.5025730977753289,6.087905310500846e-05,0.04363027950919707,0.0,7.944030158461347e-05,7.944030158461347e-05,0.29997616790952464,0.17998570074571477,0.999726831020165,0.9997616980270295,0.9998634061811469,50.0,0.075,28.0
0.00022183224899215677,2.6467227811635177e-09,2.8821604455659484e-07,1125.1209850207397,0.048113022467287485,560.7001312614613,8.68105120508489e-06,8.681047907762354e-06,4999.999041735702,0.0018437535746232427,3.705995049562809e-09,1.8320033452420505e-05,0.0,7.180030488275803e-08,7.180030488275803e-08,0.2999999784599085,0.1799999870759451,0.9999997530770232,0.9999997845991007,0.999999876538504,57.142857142857146,0.075,28.0
3.902173548679922e-14,2.8481663784230173e-19,6.506586293931114e-17,1161.1757854858165,0.05716130538975364,581.3682220587776,7.520712959844818e-06,7.5207101032534015e-06,4999.999000713462,0.0008952756102721186,6.5190863454907e-19,4.502178057412431e-15,0.0,3.306470866402627e-08,3.306470866402627e-08,0.2999999900805874,0.17999999404835243,0.9999998862896655,0.9999999008058774,0.9999999431448311,64.28571428571429,0.075,28.0
3.1254284612735977e-13,2.412937841191736e-18,5.266916310156095e-16,1233.1844958938166,0.056085116057244984,616.5640071346804,7.127881936439297e-06,7.127879229056837e-06,4999.999099347745,0.0008471243525934052,5.221433068395744e-18,3.661782626391812e-14,0.0,3.128636545377527e-08,3.128636545377527e-08,0.29999999061409033,0.1799999943684542,0.9999998924054305,0.9999999061409064,0.9999999462027138,71.42857142857143,0.075,28.0
0.0006972463757211547,9.902111758505693e-09,8.960605306906631e-07,1341.7119013593683,0.04485233474041771,666.6043553197015,7.357125296294767e-06,7.357122501838832e-06,4999.999262241441,0.002051439365920737,1.164840382085095e-08,5.698178271506976e-05,0.0,8.741305572969679e-08,8.741305572969679e-08,0.2999999737760833,0.17999998426564995,0.999999699384403,0.9999997377608558,0.9999998496921902,78.57142857142857,0.075,28.0
6.011529802214343,0.0005676708307870703,0.002472871006837791,1483.0915600885926,0.015379725447423455,730.1543645141857,2.9307646019634894e-05,2.930763488771556e-05,4999.9961415178195,0.5804242825752648,0.00010043039183222269,0.05051220373596989,0.0,0.00012186687416716079,0.00012186687416716079,0.2999634399377498,0.1799780639626499,0.9995809631043754,0.9996344439302937,0.9997904595985978,85.71428571428572,0.075,28.0
1566.4126603353632,0.28343465358582404,0.3744195977997023,1589.1470761338014,0.008654249596108424,777.5768400509634,1.593852579988334e-05,1.5938519745955186e-05,4999.990708251512,1.460215663469085,0.026168952400516976,0.12708016397989783,0.0,0.02622288172121368,0.02622288172121368,0.2921331354836359,0.17527988129018154,0.9128369736317844,0.9233762415237023,0.9554250225066248,92.85714285714286,0.075,28.0
9.245197832350087,0.0009078016779312904,0.0036752937958149353,1569.0382507688892,0.01932349610738376,769.0080505629292,6.84488284640724e-06,6.844880246516289e-06,4999.994765555575,0.7915078253738376,0.00015445300471226834,0.06896153375947192,0.0,0.00018368531636075866,0.00018368531636075866,0.29994489440509176,0.17996693664305505,0.9993684522363104,0.9994490452656066,0.9996841762458334,100.0,0.075,28.0
9.980322543115756e-08,3.0126939739062573e-14,1.597187490252843e-10,127.68474091406988,0.20520454446255748,60.18298209901994,0.0009397671272985069,0.0009397671050006059,4999.992924632803,0.28777023112881756,1.6673421518227951e-12,1.095499967774644e-08,0.0,1.0628057145558704e-05,1.0628057145558704e-05,0.2999968115828563,0.17999808694971378,0.9999634503562183,0.9999681161674289,0.9999817250111215,0.0,0.15,28.0
2.050939206702062,9.706952983056456e-06,0.002812402860342022,381.68684944212913,0.10887870623762216,180.00053278594947,7.731459669605305e-05,7.73145774554557e-05,4999.984970048814,2.2781417715653287,3.4263595944793134e-05,0.1877556325620124,0.0,0.00011840091981065362,0.00011840091981065362,0.2999644797240568,0.17997868783443408,0.9995928788909076,0.9996448392952417,0.9997964187227856,7.142857142857143,0.15,28.0
121.7163586287951,0.017268349689657143,0.0357241844617446,631.2574488132674,0.03578507354634689,298.0610955104423,6.973435921973381e-05,6.97343330377565e-05,4999.985149974496,2.3159087027851464,0.0020334294250655923,0.1966147782362144,0.0,0.0021189615736799047,0.0021189615736799047,0.29936431152789605,0.1796185869167376,0.9927328456233891,0.9936565757592791,0.9963597972737505,14.285714285714286,0.15,28.0
154.88709998149204,0.024258078834863982,0.04204610886967731,812.6717200622691,0.02015971444263337,386.3013897660605,4.055893351381793e-05,4.055891811747816e-05,4999.989588207198,1.622204691710808,0.0025875896240534113,0.13892706058301652,0.0,0.002647501594075105,0.002647501594075105,0.2992057495217775,0.17952344971306647,0.990926398409111,0.992078504454807,0.9954528609678668,21.42857142857143,0.15,28.0
26.34061116982235,0.0030614378044208396,0.008999424824930677,909.292857336899,0.022588548961653736,437.1485399292184,3.221468976396e-05,3.221467752813399e-05,4999.9923301717,1.1661407711642642,0.0004400540274974697,0.10048054055485764,0.0,0.00048312244622420055,0.00048312244622420055,0.29985506326613276,0.17991303795967964,0.9983395711860581,0.9985513327704573,0.9991694406786359,28.571428571428573,0.15,28.0
0.816047260455526,3.5179552589108765e-05,0.0005239977292468745,993.8287966897611,0.026249260316103914,482.40278322481896,1.0101778286268929e-05,1.0101774449320136e-05,4999.997880353017,0.24432548647263794,1.3633126478217354e-05,0.020689150143236,0.0,2.2656661729891993e-05,2.2656661729891993e-05,0.299993203001481,0.1799959218008886,0.99992208547794,0.9999320315547718,0.9999610419801064,35.714285714285715,0.15,28.0
145.63502570592988,0.0232884123434032,0.03883888519019309,1086.8586493934858,0.013879647733158484,530.955564636017,2.7568863906277794e-05,2.7568853434800105e-05,4999.991889497935,1.2561783578034778,0.002433021739450553,0.10917454184527033,0.0,0.002479415465531601,0.002479415465531601,0.2992561753603405,0.1795537052162043,0.9915006150813827,0.992580180864348,0.995741239018141,42.85714285714286,0.15,28.0
96.96533562841407,0.014563363389683483,0.027262237844365555,1119.7429881191088,0.01909582264198645,552.349506639293,3.8171245154491e-05,3.8171230655911984e-05,4999.991198705897,1.3533377793746002,0.0016199315268664877,0.1177629741091049,0.0,0.0016699135870105791,0.0016699135870105791,0.2994990259238968,0.17969941555433808,0.994269555198187,0.9949986204163923,0.9971306610460773,50.0,0.15,28.0
0.0059027372386732105,7.080913958356025e-08,7.643430481875295e-06,1125.120992284952,0.04811290539100186,560.7001384294945,8.681087626240382e-06,8.681084328904015e-06,4999.999035467415,0.0071822766036951724,9.86128711437537e-08,0.00048521273957551054,0.0,3.63871838009576e-07,3.63871838009576e-07,0.2999998908384486,0.17999993450306914,0.9999987486364649,0.9999989083848833,0.9999993743180366,57.142857142857146,0.15,28.0
1.0383298741371327e-12,7.578689680071203e-18,1.7313384038217577e-15,1161.1757854926598,0.05716130535470965,581.3682220636542,7.520712969568373e-06,7.520710112976952e-06,4999.9990007134575,0.000895275614962411,1.7346645453255833e-17,1.1979851519781852e-13,0.0,3.3064708853944926e-08,3.3064708853944926e-08,0.2999999900805873,0.1799999940483524,0.9999998862896649,0.9999999008058768,0.9999999431448308,64.28571428571429,0.15,28.0
8.31645671190816e-12,6.42058950018728e-17,1.401474452577289e-14,1233.184495814845,0.05608511596313224,616.5640070984756,7.127881951430992e-06,7.127879244048527e-06,4999.999099347733,0.0008471243630579568,1.389371813352739e-16,9.743642193976603e-13,0.0,3.1286365973972395e-08,3.1286365973972395e-08,0.2999999906140902,0.17999999436845412,0.999999892405429,0.9999999061409051,0.999999946202713,71.42857142857143,0.15,28.0
0.018552874490820853,2.678940522137236e-07,2.3587627034323118e-05,1341.7117839884406,0.04485201866676905,666.6043018540646,7.3571749276784665e-06,7.357172133203679e-06,4999.999246934224,0.0185345285946211,3.099497991411155e-07,0.0014936917323507884,0.0,9.944750795828064e-07,9.944750795828064e-07,0.2999997016574761,0.17999982099448567,0.9999965799803582,0.9999970165777281,0.999998289988717,78.57142857142857,0.15,28.0
119.78511181041873,0.018938469544473934,0.0323698401582016,1483.103529350331,0.01530627489500839,730.1595256629092,2.9472492448588216e-05,2.9472481254055282e-05,4999.991827126967,1.2645871149904273,0.0020011654455003632,0.11013069471695183,0.0,0.0020478697274632176,0.0020478697274632176,0.299385639081761,0.1796313834490566,0.9929760131412692,0.993868963540577,0.9964818177675241,85.71428571428572,0.15,28.0
283.05036735824166,0.04848522223881529,0.07114406353832138,1589.1100324739473,0.008710113244364211,777.560541173609,1.600761964041179e-05,1.6007613560239725e-05,4999.992527952903,1.1677361001792728,0.004728723010168122,0.10171109279270445,0.0,0.0047718503482806806,0.0047718503482806806,0.2985684448955158,0.17914106693730947,0.9836907810967929,0.9857526519647128,0.991811867793884,92.85714285714286,0.15,28.0
1.6575727524679964,0.00010859406990471134,0.0008776672324133439,1569.0380858595968,0.01932751174849901,769.0079845079075,6.837779811126912e-06,6.837777213933906e-06,4999.997627717103,0.32189815614568795,2.7691899815494308e-05,0.02796888867287523,0.0,3.9580382680563626e-05,3.9580382680563626e-05,0.2999881258851958,0.17999287553111748,0.9998638890880327,0.9998812635517162,0.9999319422280862,100.0,0.15,28.0
5.566576960567133e-07,1.6803458179766302e-13,8.908395996111799e-10,127.68473358442944,0.20520453570550246,60.182978617569034,0.0009397671813674477,0.0009397671590695354,4999.992926052613,0.28777561815124153,9.299687828346916e-12,6.110207723690478e-08,0.0,1.0628263733762182e-05,1.0628263733762182e-05,0.29999681152087987,0.17999808691252792,0.9999634496457761,0.9999681155476775,0.999981724655894,0.0,0.22499999999999998,28.0
11.439220412196036,0.00031518781599629525,0.007451556722790642,381.68678497755195,0.10883525689336672,180.00041161587922,7.75611194071233e-05,7.756110007289164e-05,4999.977709321899,3.4531770951200693,0.0001911069937354098,0.2898626663939459,0.0,0.0003186412338097909,0.0003186412338097909,0.29990440762985704,0.17994264457791423,0.9989046379341071,0.999044380862926,0.9994521689076007,7.142857142857143,0.22499999999999998,28.0
678.8793395605389,0.11497669027672108,0.17219720484023915,631.2729516281654,0.035601812808605846,298.06759637996436,6.992299208701326e-05,6.992296583337659e-05,4999.980034562118,3.1359144488009147,0.011341558691724778,0.2679518448139884,0.0,0.011457375649601417,0.011457375649601417,0.2965627873051196,0.17793767238307173,0.9611793068997501,0.9660201833951317,0.9803975249355488,14.285714285714286,0.22499999999999998,28.0
863.8908797999793,0.15164162911434909,0.21223257126537806,812.6921547247092,0.020044063670787895,386.3102239817888,4.0623644931494515e-05,4.062362951057464e-05,4999.986129935548,2.1781033349405057,0.014432416109230243,0.1872737458549749,0.0,0.014512858769995503,0.014512858769995503,0.29564614236900133,0.1773876854214008,0.9510211539378443,0.9570902361561829,0.9752031347046851,21.42857142857143,0.22499999999999998,28.0
146.91613285216974,0.022691905876402813,0.040222147404410054,909.2963692345603,0.02254545449657708,437.1500242949476,3.241027411105195e-05,3.241026180093715e-05,4999.989979681315,1.5493951489038322,0.002454424293693667,0.13384725738491904,0.0,0.0025116472299773654,0.0025116472299773654,0.2992465058310068,0.17954790349860406,0.9913904853231669,0.992483967581087,0.9956859370921972,28.571428571428573,0.22499999999999998,28.0
4.5515461641257025,0.0003046963606422659,0.0022419987281043986,993.8287963169332,0.026245980982789602,482.4027683509719,1.0102096643151375e-05,1.0102092806081658e-05,4999.995033622412,0.7134653812733667,7.603947410145254e-05,0.06168409380225053,0.0,0.00010238948822284343,0.00010238948822284343,0.29996928315353316,0.17998156989211989,0.999647926823676,0.99969286298508,0.9998239479146697,35.714285714285715,0.22499999999999998,28.0
812.2869528955476,0.14358663934693008,0.19823649162289186,1086.8776388509405,0.013801653615931933,530.9638191881752,2.76200761802416e-05,2.7620065689311954e-05,4999.989363204103,1.666673164272603,0.013570305669856739,0.14488882432299832,0.0,0.013631859968869741,0.013631859968869741,0.2959104420093391,0.17754626520560343,0.9539417545823867,0.9596593697361172,0.9766994187478494,42.85714285714286,0.22499999999999998,28.0
540.8292176439608,0.09333474994640327,0.13488865510166628,1119.7555792366418,0.019005147727792663,552.35491866949,3.833225668363509e-05,3.833224212389909e-05,4999.988349102475,1.8221009256741874,0.009035252594487762,0.15859072589759085,0.0,0.00910254721926188,0.00910254721926188,0.29726923583422143,0.17836154150053285,0.9690636929371997,0.9729401732358683,0.9844103275246556,50.0,0.22499999999999998,28.0
0.03292282486375499,4.0503005739167414e-07,4.197164218823979e-05,1125.1210010534085,0.048112758885278134,560.7001474990352,8.68111282603125e-06,8.681109528685313e-06,4999.998987472547,0.03196497697888642,5.500184329241239e-07,0.002648143280296819,0.0,1.7305628810378168e-06,1.7305628810378168e-06,0.2999994808311357,0.1799996884986814,0.9999940485654052,0.9999948083203416,0.9999970242782751,57.142857142857146,0.22499999999999998,28.0
5.791339037260986e-12,4.2270537077420257e-17,9.656630255666493e-15,1161.1757855010371,0.05716130531822212,581.3682220694736,7.520712978473508e-06,7.520710121882083e-06,4999.999000713442,0.00089527561953722,9.675181989967351e-17,6.681824671987028e-13,0.0,3.306470910230894e-08,3.306470910230894e-08,0.29999999008058725,0.17999999404835235,0.9999998862896636,0.9999999008058761,0.9999999431448302,64.28571428571429,0.22499999999999998,28.0
4.638547113681728e-11,3.581117297406231e-16,7.816796851633739e-14,1233.184495720835,0.056085115864889595,616.5640070553518,7.127881964654172e-06,7.127879257271701e-06,4999.9990993477095,0.0008471243740677355,7.749293765252383e-16,5.434567247675887e-12,0.0,3.1286367016582524e-08,3.1286367016582524e-08,0.2999999906140899,0.17999999436845393,0.9999998924054252,0.9999999061409017,0.9999999462027112,71.42857142857143,0.22499999999999998,28.0
0.10347961913427257,1.6086675617514545e-06,0.0001254484169067938,1341.711628979824,0.04485161335384518,666.6042312743613,7.357203537105268e-06,7.357200742619615e-06,4999.998876507739,0.09040281834966563,1.7287610705142209e-06,0.0077918157218056575,0.0,5.0675573213928734e-06,5.0675573213928734e-06,0.2999984797328036,0.17999908783968213,0.9999825726613477,0.999984797405076,0.9999912862927095,78.57142857142857,0.22499999999999998,28.0
666.5978542233053,0.11718781931113781,0.16361661974297464,1483.1192363725484,0.015225333119550172,730.1663277453017,2.9562132959160984e-05,2.9562121730579907e-05,4999.989212673994,1.6905174013265816,0.011136380571465413,0.1472063478694929,0.0,0.011198815496223653,0.011198815496223653,0.29664035535113287,0.17798421321067973,0.9620426419154648,0.9667783894345896,0.9808377245576685,85.71428571428572,0.22499999999999998,28.0
22.95291573336448,0.0031156997365278235,0.007143276315979783,1589.0825252303055,0.008768239357241225,777.5484712746556,1.596696754171882e-05,1.5966961476987636e-05,4999.995277112597,0.7224225231132151,0.00038345818728947694,0.06291156364485764,0.0,0.0004101390104734548,0.0004101390104734548,0.29987695829685795,0.17992617497811478,0.9985902722555855,0.9987700875416121,0.9992948875359993,92.85714285714286,0.22499999999999998,28.0
0.06229431892423427,3.1936543975969385e-06,3.894915191719006e-05,1569.0379583731149,0.019330735147809242,769.0079336943916,6.8330566241928745e-06,6.833054028793875e-06,4999.999401808023,0.02020994253234732,1.0407072848874184e-06,0.0015239361339789786,0.0,1.787109682393246e-06,1.787109682393246e-06,0.2999994638670953,0.17999967832025715,0.9999938541004634,0.9999946386805342,0.9999969270455101,100.0,0.22499999999999998,28.0
6.507987806621137e-07,1.9645233086551325e-13,1.0414969770702362e-09,127.68472954385815,0.20520453017421728,60.18297669695386,0.0009397672367959209,0.0009397672144979927,4999.992934846322,0.2878001363624278,1.0872436583738395e-11,7.143556277803444e-08,0.0,1.0629170823762294e-05,1.0629170823762294e-05,0.2999968112487529,0.17999808674925172,0.9999634465263575,0.9999681128264655,0.9999817230961562,0.0,0.3,28.0
13.373803593697362,0.0004221707796783815,0.008232540375790022,381.68674958205014,0.10881156779116978,180.00034529117548,7.769730105134191e-05,7.769728166538588e-05,4999.9771468947,3.5434839382261254,0.00022342671156807094,0.2977118879153404,0.0,0.0003542962032938438,0.0003542962032938438,0.2998937111390118,0.1799362266834071,0.9987821266409733,0.9989374879230442,0.9993908778055628,7.142857142857143,0.3,28.0
793.6903586036117,0.13571182455718445,0.19962631235024647,631.2818582691743,0.035506174167614646,298.07135005958935,6.999520728004214e-05,6.999518099896973e-05,4999.979622486251,3.2017644719699176,0.01325962547480943,0.2736569970278263,0.0,0.01337787443441445,0.01337787443441445,0.29598663766967565,0.1775919826018054,0.9547849955186649,0.9604008850648367,0.9771310022298264,14.285714285714286,0.3,28.0
1009.990763051787,0.17835087701609542,0.2467781061145318,812.7039153140985,0.019983966575675916,386.3153207720457,4.063807347070082e-05,4.063805804430012e-05,4999.985875461855,2.218972165070285,0.016873203896095246,0.19081014977714367,0.0,0.016955155942290145,0.016955155942290145,0.29491345321731294,0.17694807193038778,0.9429598917512375,0.9499920898895394,0.9710612193632477,21.42857142857143,0.3,28.0
171.76236095735968,0.026964194724695374,0.04639451875523705,909.2983725316388,0.022521860826663746,437.1508729537204,3.251427445240654e-05,3.2514262102789295e-05,4999.989747922745,1.587998156351236,0.0028695127164837892,0.13721460962101242,0.0,0.002928161355847225,0.002928161355847225,0.2991215515932458,0.1794729309559475,0.9899681662200372,0.9912412132128031,0.9949714399016875,28.571428571428573,0.3,28.0
5.321296579071376,0.00037463344682758673,0.0025405989910573406,993.8287964229842,0.026244159482352418,482.40276011293156,1.0102260185679558e-05,1.0102256348547723e-05,4999.994721118737,0.7654183525076517,8.889915180903777e-05,0.06621279707993132,0.0,0.00011716791568564223,0.00011716791568564223,0.2999648496252943,0.17997890977517658,0.9995971179263972,0.999648537436296,0.9997985386698648,35.714285714285715,0.3,28.0
949.659660213018,0.1687581121247172,0.23065306327608587,1086.8885590911182,0.013761077959054787,530.9685743758574,2.763277254176397e-05,2.7632762046011867e-05,4999.989169925946,1.6976966737899701,0.015865294678788323,0.1475746101730105,0.0,0.015927994751563212,0.015927994751563212,0.29522160157453103,0.17713296094471861,0.9463439358132888,0.9529730778472636,0.9728021051649142,42.85714285714286,0.3,28.0
632.2934145749762,0.10995455060260649,0.156630453824263,1119.7627968535244,0.018957383292706288,552.3580291678707,3.840155871667119e-05,3.840154413061221e-05,4999.988085217692,1.8642326354778216,0.010563280474016506,0.1622461717371488,0.0,0.010632131125442264,0.010632131125442264,0.2968103606623673,0.1780862163974204,0.9639368502296166,0.9684415313808554,0.9818028571101312,50.0,0.3,28.0
0.03849068184822463,4.759466056261699e-07,4.891581602112514e-05,1125.1210062173316,0.04811267478223253,560.7001527353145,8.681127313159302e-06,8.681124015807864e-06,4999.998966518869,0.03692601725681301,6.430366956648368e-07,0.0030824194406294525,0.0,2.0068044434806735e-06,2.0068044434806735e-06,0.2999993979586669,0.17999963877520017,0.9999930985685407,0.9999939795987512,0.9999965492783166,57.142857142857146,0.3,28.0
6.7707612964833285e-12,4.941926466016053e-17,1.1289744554971275e-14,1161.1757855059186,0.0571613052954396,581.3682220729064,7.520712983755575e-06,7.520710127164147e-06,4999.99900071344,0.0008952756222907901,1.1311433734517812e-16,7.811844473861161e-13,0.0,3.306470922036751e-08,3.306470922036751e-08,0.29999999008058725,0.17999999404835235,0.9999998862896636,0.9999999008058758,0.9999999431448302,64.28571428571429,0.3,28.0
5.423010994031529e-11,4.186750298104937e-16,9.138761378215839e-14,1233.184495665405,0.05608511580345999,616.564007029933,7.1278819722446056e-06,7.12787926486213e-06,4999.999099347701,0.0008471243810795358,9.059842285742682e-16,6.353652806453942e-12,0.0,3.128636740660024e-08,3.128636740660024e-08,0.2999999906140898,0.17999999436845385,0.9999998924054234,0.9999999061409007,0.9999999462027103,71.42857142857143,0.3,28.0
0.12097993148406529,1.9077305836694254e-06,0.00014533080884493143,1341.7115409631683,0.04485138357413444,666.6041911970123,7.3572178527552345e-06,7.357215058264144e-06,4999.9987947551945,0.10409045491624855,2.0211264557492074e-06,0.008991860692813103,0.0,5.865440460235214e-06,5.865440460235214e-06,0.29999824036786193,0.17999894422071716,0.9999798287606927,0.9999824037818293,0.9999899143294859,78.57142857142857,0.3,28.0
779.3199537262711,0.1377993123480181,0.19026691595184606,1483.1282400288226,0.015183058464784462,730.17023477411,2.9594134131566712e-05,2.959412289083063e-05,4999.98899873403,1.7247909292802366,0.013019549247941666,0.1501751266164974,0.0,0.01308324997755782,0.01308324997755782,0.29607502500673266,0.1776450150040396,0.9557638623359281,0.9612615248786449,0.97763176213538,85.71428571428572,0.3,28.0
14.579122607108227,0.0018439336588351308,0.0048244254642837835,1589.0687422029046,0.008798045917677308,777.542425009851,1.5940771081992412e-05,1.594076502721143e-05,4999.995899548482,0.6280311153175177,0.00024356312688703386,0.05467016537396252,0.0,0.00026675784549798327,0.00026675784549798327,0.29991997264635056,0.17995198358781037,0.9990829306984962,0.999199939923768,0.9995413601740031,92.85714285714286,0.3,28.0
0.0004914942335416564,2.4853092143292994e-08,3.1017441089363224e-07,1569.0378933836419,0.019332365897124483,769.0079077712496,6.8306978586092074e-06,6.830695264106138e-06,4999.999423273115,0.0038087620539788507,8.211047783491709e-09,1.2257006781561462e-05,0.0,1.4887790638879646e-07,1.4887790638879646e-07,0.2999999553366281,0.17999997320197683,0.9999994880053475,0.9999995533663475,0.999999744002641,100.0,0.3,28.0
